song_id,primary_artist,community_id,degree
2YlZnw2ikdb837oKMKjBkW,Meghan Trainor,10,16
0QHEIqNKsMoOY5urbzN48u,Meghan Trainor,10,16
3cU2wBxuV6nFiuf6PJZNlC,Meghan Trainor,10,16
0l0CvurVUrr2w3Jj1hOVFc,Meghan Trainor,10,16
3KwwE4sgCzMaKWq6QBebmX,Meghan Trainor,10,16
5jE48hhRu8E6zBDPRSkEq7,Meghan Trainor,10,16
1gMFAi2auKTgHsYH7nIBhv,Meghan Trainor,10,16
7MjKAV0mFiEID9WhDSSzaW,Meghan Trainor,10,16
6gj08XDlv9Duc2fPOxUmVD,Meghan Trainor,10,16
5MEYDJVJMaGAXfddTo0D6J,Meghan Trainor,10,16
0mHk41X0RRc6pqrcq1gQAr,Meghan Trainor,10,16
0k5hoseEJnCAbpRh38dNoI,Meghan Trainor,10,16
3t7MOVjzXyqT7vPw4eNrAV,Meghan Trainor,10,16
151pHp99ciTnpmdPCvgLbe,Meghan Trainor,10,16
5jSlcXdUGLWOV2pSfYYiBs,Meghan Trainor,10,16
6mETs8Pi6Fnkijklne7yHk,Meghan Trainor,10,16
7m8WJfDtwrjhAUCy8AeTuZ,Meghan Trainor,10,16
3fNaQSMgFrYTkTshRX7J1u,Meghan Trainor,10,16
69ZzhvHnSSnzMO8SMYEJWb,Meghan Trainor,10,16
2f4FDuRjuV1yXfpoG49ABM,Meghan Trainor,10,16
3yuIvz5stb9v9cljhZ5Zas,Meghan Trainor,10,16
24N1h7w6arNjmwuUFk0lc4,Meghan Trainor,10,16
6deUyNbUOrWDytrOtqehmr,Meghan Trainor,10,16
6CnRXn7fv8wLXmzsmsAIzm,Meghan Trainor,10,16
3PYZWh5KZ6VlXHDlwDVJUt,Meghan Trainor,10,16
0Bm2kjXM4w6JlwS6jpTmfO,Meghan Trainor,10,16
13KCcVDJM9rrQlPgGtepK8,Meghan Trainor,10,16
7fHeyjwJRzbIlGm4DAvLJ1,Meghan Trainor,10,16
0Jrzzjj0pVzS6xl4wonUNh,Meghan Trainor,10,16
59F7idTDMJppMZgR6YFy4P,Meghan Trainor,10,16
0EH80ahvwYhuDZbRKUSkbW,Meghan Trainor,10,16
2bUWLYU3s6sbQqlo7075Og,Meghan Trainor,10,16
5Et6YK4QQMA0irFDMY25JV,Meghan Trainor,10,16
1wIDxpXCRnHmQJOvSsVIP1,Meghan Trainor,10,16
5HqRQwSAPAgJBQ3bhtpUTg,Meghan Trainor,10,16
1TXbPx0WUaJM0fjDVs4wCD,Meghan Trainor,10,16
18IwlUCETTJSrS0fYkZGEo,Meghan Trainor,10,16
0YupMLYOYz6lZDbN3kRt7A,Meghan Trainor,10,16
73DmfC0n2mX5lVIc0ytmEy,Meghan Trainor,10,16
4uz9uRkUhfLIpTMwIq8xem,Meghan Trainor,10,16
0zhtsgZpLGeBNQ4MvBV5c5,Meghan Trainor,10,16
0ctOamnBE7fk0A3xBAMxTh,Meghan Trainor,10,16
0lTurWECr2XL607eJAj1A3,Meghan Trainor,10,16
4FtJXKZofhG9jt9reeahSg,Meghan Trainor,10,16
5lOK3NCvbvgK6cohyTTQ4Z,Meghan Trainor,10,16
63dFd2UgXD8l2buNGEtKRs,Meghan Trainor,10,16
2e1N4FhuB08W4iKmYpEftE,Meghan Trainor,10,16
17dtO7OkVT3fpzGAaghHH5,Meghan Trainor,10,16
6Ir8PIuGMILd3cMrqvcNdX,Meghan Trainor,10,16
22vgEDb5hykfaTwLuskFGD,Jonas Brothers,4,5
7usqgT1ajVAJ3s0wXePtRr,Jonas Brothers,4,5
2xijXb00w9o7Ol04MPCL6c,Jonas Brothers,4,5
4wNIkl5XGiAACjFBlDWuSd,Jonas Brothers,4,5
0DiDStADDVh3SvAsoJAFMk,Jonas Brothers,4,5
2VEsmoek0sol9MnJFyoG9e,Jonas Brothers,4,5
4inPxqHrj9VmjLx5JCDCV4,Jonas Brothers,4,5
3QcZ0HiwWxwQYT2F17DCTm,Jonas Brothers,4,5
5iE3eUH2WGCXcE2xr6DEmU,Jonas Brothers,4,5
6sDP4912wjwB7BJhbSnjS1,Jonas Brothers,4,5
3FyfTh70PkgooRDe4SNP0U,Jonas Brothers,4,5
3F8xLc6T4VvKH7I6wqVAN2,Jonas Brothers,4,5
4kf33kU0KAlkNBK9pNbYNU,Jonas Brothers,4,5
1vYh9x8UmFTLbXiizk9Qc5,Jonas Brothers,4,5
66VuIGcM7fd8NLMoORCqVJ,Jonas Brothers,4,5
2CfFt0QtXgQuPeEsJjPtGR,Jonas Brothers,4,5
7yfi8B8opXjnRh4VZnOkz9,Jonas Brothers,4,5
7kaFsQygyiCqRboWCXztxZ,Jonas Brothers,4,5
2jpVAeVwDtvOwdyUYH3NxN,Jonas Brothers,4,5
7dxKdQC9Vo1hDxIUnt1z0Q,Jonas Brothers,4,5
7DVcgqaCDXtwZIjRTPb8bm,Jonas Brothers,4,5
5nhW8I46uDE5sc5ouEbzao,Jonas Brothers,4,5
79Hz50oQtHIt5dDoEx4IDk,Jonas Brothers,4,5
3qXOcbRVwKySRfN0k6BDrf,Jonas Brothers,4,5
7fiFJADUcHwTdYLmnZeLAy,Jonas Brothers,4,5
1OjmlSFuzYflWjSMTCyTJv,Jonas Brothers,4,5
1uCnwV9ABsYkNJmrpQOR1H,Jonas Brothers,4,5
6mDpUEYNqfdDQ0OWfjLIhX,Jonas Brothers,4,5
0EsjWfC9lJiAZAHe5sMqGt,Jonas Brothers,4,5
4l61TlfmTwxt7PdzEe28rz,Jonas Brothers,4,5
4GiaLqbDngWiIom7q3acCq,Jonas Brothers,4,5
2hgk8iKN9UdoM4ILlJ9F5N,Jonas Brothers,4,5
0WxSQtLMCLcsAOhliamv5W,Jonas Brothers,4,5
5md87aD3pGXRghKUbZdyh8,Jonas Brothers,4,5
3JG2VnwaVmVLf8BUGw7QlK,Jonas Brothers,4,5
6scWokfCOYVo9UDWsgd9F2,Jonas Brothers,4,5
531muHgVZoRgYXK5Qb59Pz,Jonas Brothers,4,5
24eP9hGnGR6RCQvllQVkCm,Jonas Brothers,4,5
7xZa00kpFR3r7UqeczbVPE,Jonas Brothers,4,5
44SDwuvTP3NeCmigJAyYnO,Jonas Brothers,4,5
2phOvDSPYV4n5hEmCbubOv,Jonas Brothers,4,5
5Ha1C6wXnYGUCWhsfnPM0w,Jonas Brothers,4,5
2n6red10oCd6YhlEUp6jXy,Jonas Brothers,4,5
7BFj9LKuwSTiBn5k73Sur3,Jonas Brothers,4,5
76F54HHrw84yqAYqrAJkbr,Jonas Brothers,4,5
0mflMxspEfB0VbI1kyLiAv,Noah Kahan,8,4
4nHJcUtNSUVjXRnjdP29Bk,Noah Kahan,8,4
7ByxizhA4GgEf7Sxomxhze,Noah Kahan,8,4
3yn01PcU95PTbiZ3xvop2j,Noah Kahan,8,4
1fvC3CmNAbsx0V9ULMU8NB,Noah Kahan,8,4
07UFnnK3uPIuKv5Rs9TmXl,Noah Kahan,8,4
3Z2anmIVG8b1GelyeFQdnP,Noah Kahan,8,4
4O2rRsoSPb5aN7N3tG6Y3v,Noah Kahan,8,4
7nDFTHHwfe32a8qdp9XqPy,Noah Kahan,8,4
0FlwhvrncUKrEAhzunmCKm,Noah Kahan,8,4
6PdWPdgPoVCT9WLFMVnhxx,Noah Kahan,8,4
1M39ETXmej4g9EMSeXPUgj,Noah Kahan,8,4
0jkzxxDG8z3Y5OmfNl1VM0,Noah Kahan,8,4
2Zg0aB5oVQlbQE1vzQmIIY,Noah Kahan,8,4
32iNr3J93tqFkxaMYwdRYi,Noah Kahan,8,4
67q8yivDoOPXCYodi1zTix,Noah Kahan,8,4
1o5WgxPWvoVgo20DQItKOE,Noah Kahan,8,4
1BlQWQgGP84r4GYUVty4Ar,Noah Kahan,8,4
0caJ2wkqp4UmXBwdR2JvB5,Noah Kahan,8,4
1dHtMSJ1Ozg2Ja6GX4McAO,Noah Kahan,8,4
5ngcqrs4Xq915GUqNtNNr5,Noah Kahan,8,4
52DudaVZObvmBgEX6IObHX,Noah Kahan,8,4
7Gvf6Li9MYft4fUijkFjKq,Noah Kahan,8,4
1JcIXOir94YUYBt2cXTzn2,Noah Kahan,8,4
1LvU6IFqQnXOIwJyBDb2io,Noah Kahan,8,4
6LKvzEJQTIm2RrWAMPwQH6,Noah Kahan,8,4
5S9hlmzNQwZuhynLfxZ8Lg,Noah Kahan,8,4
3cgf3PmzUZKLCRulrKrzZG,Noah Kahan,8,4
3lTxG17fsMrjrNkTNJ9NaZ,Noah Kahan,8,4
3onPL6KjCPM0K8wZkDeU7y,Noah Kahan,8,4
5ihBtaVVMqO5VqJA5wnmfy,Noah Kahan,8,4
0GNVXNz7Jkicfk2mp5OyG5,Noah Kahan,8,4
2NmaDAnnP9zspaHLc5aSjb,Noah Kahan,8,4
2DPI5lHpb0wmjaL222fPdF,Noah Kahan,8,4
1XUlg6YCcns9gsJAB4DoFi,Noah Kahan,8,4
0hiHNxqKGf3GZgVTIOAiiK,Noah Kahan,8,4
5FwlCxV2Q4xjTywLsD3Kxe,Noah Kahan,8,4
15OCqNPYoLziEAsbVnqRj5,Mimi Webb,20,0
0xqHkO5570zlGpLpCnd4MG,Mimi Webb,20,0
2iHsdUnmKGIuc9oRE3DfgJ,Mimi Webb,20,0
2Ms8MDDtYBw7M3K5F3EqPX,Mimi Webb,20,0
1SWrMW3VEXSVWOsXFl22U2,Mimi Webb,20,0
2r7BOWS3bEYjEUbLiH8kVM,Mimi Webb,20,0
6k9s52t7GyxRA4mNDERlwH,Mimi Webb,20,0
6FATUHeXuMpHg0u0UPnVD5,Mimi Webb,20,0
6giT20TtwGt7N9nmUtTmKT,Mimi Webb,20,0
7Kbw2fTMOU43MrqXdGzroh,Mimi Webb,20,0
3RdOimLk6CxkaYMYtGTCB9,Mimi Webb,20,0
1WLpHzABY3TFLkOQoU4bDW,Mimi Webb,20,0
5b6enCVP67LsqqrfTs6rxr,Mimi Webb,20,0
6rbusyA3DqbX30SLn7aofn,Mimi Webb,20,0
1A6gT680oQr98VtDkNzys7,Mimi Webb,20,0
4kPV7Tx30Ph0tQ4XrhgYCh,Mimi Webb,20,0
6jBXavyuyjaCcxSS9eQJf5,Mimi Webb,20,0
3dKMVCShHl7cT4IMoxj8x0,Mimi Webb,20,0
2UUyUY8asJXFmjHJuB0B0C,Mimi Webb,20,0
06b5RW4WE4wa0rr62PMA7s,Mimi Webb,20,0
7iinMLIDWw5QA7d6x0d5HJ,Mimi Webb,20,0
3KRKN196F3i6G1HnIqd2e5,Mimi Webb,20,0
3Ndrp3XFj5Mq7COr9rxV0y,Mimi Webb,20,0
7CscOL3UvDrutv74ApzPhl,Mimi Webb,20,0
4nUdcQ0lAZHuHuIJtgqhRv,Mimi Webb,20,0
4zzP8gZCqTlbt1gzDeQMXd,Mimi Webb,20,0
0IQWynwqX2ayW07hn0Kqxd,Mimi Webb,20,0
0CLHqGZG5qseAj1YzBE4Ol,Mimi Webb,20,0
5ZsgiaObPTT31ejl06UT0U,Mimi Webb,20,0
0mXjm33kyUTMkgJNOKvGOO,Mimi Webb,20,0
1urJuC4eD53EHWZ6JL7XOx,Mimi Webb,20,0
1n8TwNqF2vASfmG55m6zl3,Mimi Webb,20,0
6pNCQrBmQqPY5ubXZsymIW,Mimi Webb,20,0
64Qvf9LW8cj8ojQVcR8MHP,Mimi Webb,20,0
7AhsiDeokiFLAX19V3rM1Y,Mimi Webb,20,0
27tNWlhdAryQY04Gb2ZhUI,Katy Perry,17,8
4jbmgIyjGoXjY01XxatOx6,Katy Perry,17,8
0iGckQFyv6svOfAbAY9aWJ,Katy Perry,17,8
009ImBOrIUlWgla8U05RAC,Katy Perry,17,8
5JLv62qFIS1DR3zGEcApRt,Katy Perry,17,8
5jrdCoLpJSvHHorevXBATy,Katy Perry,17,8
455AfCsOhhLPRc68sE01D8,Katy Perry,17,8
6tS3XVuOyu10897O3ae7bi,Katy Perry,17,8
1nZzRJbFvCEct3uzu04ZoL,Katy Perry,17,8
14iN3o8ptQ8cFVZTEmyQRV,Katy Perry,17,8
6F5c58TMEs1byxUstkzVeM,Katy Perry,17,8
3B4etxytImrRKQgV3XHjnR,Katy Perry,17,8
3oL3XRtkP1WVbMxf7dtTdu,Katy Perry,17,8
5nCthAh3jt4xKuLJAifAaR,Katy Perry,17,8
4rHmKlFRiFzabiVO6e9w2e,Katy Perry,17,8
7qvxFz3JodM0A7xEM7k3YD,Katy Perry,17,8
4lCv7b86sLynZbXhfScfm2,Katy Perry,17,8
235LXPXfi0SmOaS9TaCh3c,Katy Perry,17,8
1mXuMM6zjPgjL4asbBsgnt,Katy Perry,17,8
4z8ssgZfs5TzKiO8HaGWXO,Katy Perry,17,8
7EIPVo13rl0uwKbjubMnc7,Katy Perry,17,8
3oHNJECGN3bBoGXejlw2b1,Katy Perry,17,8
5PYQUBXc7NYeI1obMKSJK0,Katy Perry,17,8
3f7gYMirBEKuc57218BjOY,Katy Perry,17,8
36ux3YuUsGTWPT8fXclS45,Katy Perry,17,8
4uQY80TKE1u4ZQZQKHzVEi,Katy Perry,17,8
3OtMnyUaiipcAT23A8liyi,Katy Perry,17,8
55qBw1900pZKfXJ6Q9A2Lc,Katy Perry,17,8
2xLOMHjkOK8nzxJ4r6yOKR,Katy Perry,17,8
1IIV8jglA0klVZy17q665k,Katy Perry,17,8
1NOZvdCovG42qQV7ftVD5d,Katy Perry,17,8
3NPY62YGNoM3lALLaKWiFL,Katy Perry,17,8
5jx8tCxiO0uIbo2uNia23K,Katy Perry,17,8
7GCElX2eJA5t0AFWw3WzKn,Katy Perry,17,8
0K8sKuo6xLHZgySZmmw2rV,Katy Perry,17,8
7hDvcL88hXoofWcxPGmBpW,Katy Perry,17,8
4fwbGKNExPtPHbor1TBSY4,Katy Perry,17,8
5vL0yvddknhGj7IrBc6UTj,Katy Perry,17,8
3DXdjHnePKnh6oXw2ZgGSl,Katy Perry,17,8
4uqh9bualXNHXXwO2wPorc,Katy Perry,17,8
48iz5WV02KT4CTYFPXJF4U,Katy Perry,17,8
50r1EUDpmSZRPo5aIZpmWi,Katy Perry,17,8
2c121Da4d1kLut5aqRgzpK,Katy Perry,17,8
0CINJz55gaKzuAsqhZ0hEU,Katy Perry,17,8
59WVntWmghQXfST8TZRUW9,Katy Perry,17,8
59s3aMqR9uOzLIXAcgBCEm,Katy Perry,17,8
367wyLNqQMr5e8S2E6Zvpp,Katy Perry,17,8
7ExmmbxmuVl4wnvnposbiQ,Katy Perry,17,8
1WUsiRA6CCf6FmFzkt88fa,Katy Perry,17,8
5vNRhkKd0yEAg8suGBpjeY,Bruno Mars,13,11
3w3y8KPTfNeOKPiqUTakBh,Bruno Mars,13,11
0KKkJNfGyhkQ5aFogxQAPU,Bruno Mars,13,11
0nJW01T7XtvILxQgC5J7Wh,Bruno Mars,13,11
6b8Be6ljOzmkOmFslEb23P,Bruno Mars,13,11
6SKwQghsR8AISlxhcwyA9R,Bruno Mars,13,11
47Slg6LuqLaX0VodpSCvPt,Bruno Mars,13,11
0M3HkE321xpCbCYqVKzr1q,Bruno Mars,13,11
4lLtanYk6tkMvooU0tWzG8,Bruno Mars,13,11
5M2lX0ZAYSAzCs1xPPi9BX,Bruno Mars,13,11
386RUes7n1uM1yfzgeUuwp,Bruno Mars,13,11
55h7vJchibLdUkxdlX3fK7,Bruno Mars,13,11
0PG9fbaaHFHfre2gUVo7AN,Bruno Mars,13,11
1wVuPmvt6AWvTL5W2GJnzZ,Bruno Mars,13,11
0kN8xEmgMW9mh7UmDYHlJP,Bruno Mars,13,11
7hCNBVRhHzcsRAv0TQnOzq,Bruno Mars,13,11
0QIjsbm2fh1cJ45XO9eGqq,Bruno Mars,13,11
5XMkENs3GfeRza8MfVAhjK,Bruno Mars,13,11
0B0tYbVp7pDQAqKDhgMeaL,Bruno Mars,13,11
4pryE6cN2gFL1FVF5fYINl,Bruno Mars,13,11
3B5UbSndRz907IZhhmUfLi,Bruno Mars,13,11
0mBKv9DkYfQHjdMcw2jdyI,Bruno Mars,13,11
3G5iN5QBqMeXx3uZPy8tgB,Bruno Mars,13,11
7lXOqE38eCr979gp27O5wr,Bruno Mars,13,11
2ih2U8ttFzCjnQ5njF3SrR,Bruno Mars,13,11
2mrZYZGmPFV3QOyYPZ1zsn,Bruno Mars,13,11
6gSkYEONe1fCvrOUgmXZTy,Bruno Mars,13,11
1oERlssLrpssCAY6Yqqs6c,Bruno Mars,13,11
1I6pKIyaBp4OebTGLJpCCC,Bruno Mars,13,11
78mE33YpoWqMQTwgUQRhyo,Bruno Mars,13,11
2tCPIp83mRXvVTytTAf1W4,Bruno Mars,13,11
7Cj2tT0m2SBeIO1PsGfk8A,Bruno Mars,13,11
4K09vJ27xCOreumtSuU6Ao,Bruno Mars,13,11
6ObpR8ek44tvWefQRcSo8K,Bruno Mars,13,11
3WTWh2WDk4j8GUCGj4xfOd,Bruno Mars,13,11
0inMKhbKWOTDA9UBUAKoU6,Bruno Mars,13,11
1KtU0WCq472KzqCXgMOxkS,Bruno Mars,13,11
30raivfq7rSt5nKltiHfzG,Bruno Mars,13,11
2K6vUau7bnZUamjbRSOOvJ,Bruno Mars,13,11
7suB6D6uKX5DfPukdGaz0W,Bruno Mars,13,11
2gFvRmQiWg9fN9i74Q0aiw,Bruno Mars,13,11
1ewMCmw7qCb5a9ttqiyemu,Bruno Mars,13,11
1Ffw1qFqCw2IaozOJ5mL2O,Bruno Mars,13,11
1nSzCAvAvzJj5oIt7m90G0,Bruno Mars,13,11
2ALh2jqA7KldpHMUHvRomw,Bruno Mars,13,11
5lka5RUbLVQGO94mKAPMRO,Bruno Mars,13,11
7nEHTOQJqKCx7Dvgng3l8t,Bruno Mars,13,11
7qEHsqek33rTcFNT9PFqLf,Lewis Capaldi,18,4
2gMXnyrvIjhVBUZwvLZDMP,Lewis Capaldi,18,4
4Of7rzpRpV1mWRbhp5rAqG,Lewis Capaldi,18,4
60iSKGrGazRzICtMjADNSM,Lewis Capaldi,18,4
3gdPwk2wyOXNRnTA1KXnEr,Lewis Capaldi,18,4
3iHzKA9HlXf5wsGdsrsnSA,Lewis Capaldi,18,4
2TIlqbIneP0ZY1O0EzYLlc,Lewis Capaldi,18,4
12OLyHDxt6dqlAybSPFBK3,Lewis Capaldi,18,4
7ce20yLkzuXXLUhzIDoZih,Lewis Capaldi,18,4
44G9fSM6qI8zRoG6Qwn3eq,Lewis Capaldi,18,4
0pEkK8MqbmGSX7fT8WLMbR,Lewis Capaldi,18,4
1NxHgM5nOnmqi3KUVLbaIw,Lewis Capaldi,18,4
7jrI96onnEzgwPKacNJUCz,Lewis Capaldi,18,4
27829SWtwhWUANViVTEpol,Lewis Capaldi,18,4
5C1TucCRf4Vjjree1OItyv,Lewis Capaldi,18,4
4PwTyisf9W7zfhAAflOKag,Lewis Capaldi,18,4
7tTRP2vA00uScZ4SjB3ZQZ,Lewis Capaldi,18,4
6glNKSv2aUtfQhe1SJBZZt,Lewis Capaldi,18,4
1e8PAfcKUYoKkxPhrHqw4x,Lewis Capaldi,18,4
7136zBuda3024ZQUTBB1Vg,Lewis Capaldi,18,4
6700Z4Izi8EbB6JNthU6Ma,Lewis Capaldi,18,4
4qIpDRBfedlGwDPu2LBMjw,Lewis Capaldi,18,4
1z7PADWKXVsbEitOVLlC69,Lewis Capaldi,18,4
7lvfJHcumTCV5Yjt4Tl1I1,Lewis Capaldi,18,4
5AGS8VxsLyHQOWz0ZTuwIN,Lewis Capaldi,18,4
4raMIjIjMc8JohHth7l9lG,Lewis Capaldi,18,4
4h2tsEvwk25eHrE7hJlnqB,Lewis Capaldi,18,4
6r2tV58enH9E8hj2oqoJNK,Lewis Capaldi,18,4
5uGjeXi3epIE8N2ITkxIQ5,Lewis Capaldi,18,4
2QhTqfQwt4K5SKU50P1EEd,Lewis Capaldi,18,4
4lRSeOZ97LHOFDk5A0opcq,Lewis Capaldi,18,4
4QGHin0gSqzPrPJhPU5gWn,Lewis Capaldi,18,4
5HU2B0yEnvg5EUB8FWeoda,Lewis Capaldi,18,4
1FaMsrYFdk914HDLQar1tz,Lewis Capaldi,18,4
3XXGqZX50zbGqSOup74UH2,Lewis Capaldi,18,4
7y2M7zBxC6g8zmkhUvfy7C,Lewis Capaldi,18,4
7cJrXfaHHNbUKgZwJ90DfA,Lewis Capaldi,18,4
6UQGNRfns3nW2Nryl4aEGh,Lewis Capaldi,18,4
4RtlhOoWNO5ReUwdmTdTcG,Lewis Capaldi,18,4
0vGWBo1b6KyE9klUQfxqwJ,Lewis Capaldi,18,4
7slfeXbuzr9RYXX6XS6Npi,Lewis Capaldi,18,4
3IwQl5UXtkFM4DiLmvV0WD,Lewis Capaldi,18,4
1GcfoHt1DmszYmKWzngGor,Lewis Capaldi,18,4
2sZxMkr5Qq5FzaymQy2nFc,Lewis Capaldi,18,4
5hlMGa8LKxMTnWASM7uMLJ,Lewis Capaldi,18,4
1BxfuPKGuaTgP7aM0Bbdwr,Taylor Swift,2,4
1dGr1c8CrMLDpV6mPbImSI,Taylor Swift,2,4
4R2kfaDFhslZEMJqAFNpdd,Taylor Swift,2,4
1R0a2iXumgCiFb7HEZ7gUE,Taylor Swift,2,4
2OzhQlSqBEmt7hmkYxfT6m,Taylor Swift,2,4
3hUxzQpSfdDqwM3ZTFQY0K,Taylor Swift,2,4
0V3wPSX9ygBnCm8psDIegu,Taylor Swift,2,4
1u8c2t2Cy7UBoG4ArRcF5g,Taylor Swift,2,4
4q5YezDOIPcoLr8R81x9qy,Taylor Swift,2,4
1qrpoAMXodY6895hGKoUpA,Taylor Swift,2,4
0cqRj7pUJDkTCEsJkx8snD,Taylor Swift,2,4
6NFyWDv5CjfwuzoCkw47Xf,Taylor Swift,2,4
1MgV7FIyNxIG7WzMRJV5HC,Taylor Swift,2,4
5enxwA8aAbwZbf5qCHORXi,Taylor Swift,2,4
1P17dC1amhFzptugyAO7Il,Taylor Swift,2,4
3sW3oSbzsfecv9XoUdGs7h,Taylor Swift,2,4
0ug5NqcwcFR2xrfTkc7k8e,Taylor Swift,2,4
3RauEVgRgj1IuWdJ9fDs70,Taylor Swift,2,4
4pvb0WLRcMtbPGmtejJJ6y,Taylor Swift,2,4
1fzAuUVbzlhZ1lJAx9PtY6,Taylor Swift,2,4
2yLa0QULdQr0qAIvVwN6B5,Taylor Swift,2,4
1hjRhYpWyqDpPahmSlUTlc,Taylor Swift,2,4
6RRNNciQGZEXnqk8SQ9yv5,Taylor Swift,2,4
0VE4kBnHJUgtMf0dy6DRmW,Taylor Swift,2,4
18WFFUIsewmA8g31KAeo3e,Taylor Swift,2,4
4y5bvROuBDPr5fuwXbIBZR,Taylor Swift,2,4
7KokYm8cMIXCsGVmUvKtqf,Taylor Swift,2,4
4D7BCuvgdJlYvlX5WlN54t,Taylor Swift,2,4
7Mts0OfPorF4iwOomvfqn1,Taylor Swift,2,4
799KrpEbhZp0MHeiA8YK9P,Taylor Swift,2,4
45wMBGri1PORPjM9PwFfrS,Taylor Swift,2,4
6YvqWjhGD8mB5QXcbcUKtx,Taylor Swift,2,4
77sMIMlNaSURUAXq5coCxE,Taylor Swift,2,4
1Iq8oo9XkmmvCQiGOfORiz,Taylor Swift,2,4
214nt20w5wOxJnY462klLw,Taylor Swift,2,4
1GwMQaZz6Au3QLDbjbMdme,Taylor Swift,2,4
1K39ty6o1sHwwlZwO6a7wK,Taylor Swift,2,4
22bPsP2jCgbLUvh82U0Z3M,Taylor Swift,2,4
5KD6AEm19QnMbfWpfoOHMl,Taylor Swift,2,4
3CWq0pAKKTWb0K4yiglDc4,Taylor Swift,2,4
3pHkh7d0lzM2AldUtz2x37,Taylor Swift,2,4
71BqAINEnezjQfxE4VuJfq,Taylor Swift,2,4
2NmsngXHeC1GQ9wWrzhOMf,Taylor Swift,2,4
0W0iAC1VGlB82PI6elxFYf,Taylor Swift,2,4
6oVxXO5oQ4pTpO8RSnkzvv,Taylor Swift,2,4
1kcwpPDQnqEqmezzXdJTCP,Taylor Swift,2,4
7uGYWMwRy24dm7RUDDhUlD,Taylor Swift,2,4
0sY6ZUTh4yoctD8VIXz339,Taylor Swift,2,4
6D8y7Bck8h11byRY88Pt2z,Dua Lipa,4,16
5b5cPscqVEMChvDqscVw26,Dua Lipa,4,16
5nujrmhLynf4yMoMtj8AQF,Dua Lipa,4,16
6zSpb8dQRaw0M1dK8PBwQz,Dua Lipa,4,16
2ekn2ttSfGqwhhate0LSR0,Dua Lipa,4,16
76cy1WJvNGJTj78UqeA5zr,Dua Lipa,4,16
5q0EXnBYyeCdXD72FzJxH0,Dua Lipa,4,16
1SdQjKRW52cHg2SEesQLvH,Dua Lipa,4,16
7b6sWLSnbZhSIeqNGrJ4py,Dua Lipa,4,16
7FCfMXYTIiQ9b4hDYs4Iol,Dua Lipa,4,16
08dD8Lk7VUea38YnsMzOP7,Dua Lipa,4,16
7jr3iPu4O4bTCVwLMbdU2i,Dua Lipa,4,16
67LH2dzXF67Oi80yJaVYd7,Dua Lipa,4,16
7mFj0LlWtEJaEigguaWqYh,Dua Lipa,4,16
1YrY0vjHWp672gt0crtj5A,Dua Lipa,4,16
463CkQjx2Zk1yXoBuierM9,Dua Lipa,4,16
6bAkr9wkQyPM4IDrP4tuwR,Dua Lipa,4,16
05oC2UvKDcx0cY2wg9gzKC,Dua Lipa,4,16
2eAAEa8pxKF7My0EO4rFgR,Dua Lipa,4,16
5eTNdkstwKaNahHf41fJ9u,Dua Lipa,4,16
4jiOgEp2ZPjzoUF5DxaOjG,Dua Lipa,4,16
3F1P0QzdXtBz0MXy7KIO5w,Dua Lipa,4,16
1DiVt4mPAMzbv2N2Yywxs1,Dua Lipa,4,16
4tqOaLJdXjWi4OaFSKIT2R,Dua Lipa,4,16
5vVND8Mey78LZaljL8Nmpd,Dua Lipa,4,16
0k6LV1ohcK2hlNPwu1nVw9,Dua Lipa,4,16
69zgu5rlAie3IPZOEXLxyS,Dua Lipa,4,16
0zg8u9UUlvwSvBJYEjhgDT,Dua Lipa,4,16
3wJVBz7gvGTwTWVAxFa6ny,Dua Lipa,4,16
5E5MqaS6eOsbaJibl3YeMZ,Dua Lipa,4,16
7nFYnsLIX8EhyFJcPgdIDX,Dua Lipa,4,16
1yg0jZwJIsmG7a2TqPIv7z,Dua Lipa,4,16
3ck2KxuP99yTwWzdf8piiC,Dua Lipa,4,16
6n5SwaC9Jd85LhUEPc9lg2,Dua Lipa,4,16
1imMjt1YGNebtrtTAprKV7,Dua Lipa,4,16
4P76CEIXrrWT2cgS1YrTMr,Dua Lipa,4,16
1oXHXIB8rHgwHSsPRNjEzn,Dua Lipa,4,16
1dI77VhaLcQSgQLSnIs03D,Dua Lipa,4,16
10vUBju7N39lmoBxwyn2AN,Dua Lipa,4,16
0mDGNetRxywxqgiXFbagZh,Dua Lipa,4,16
7toYVidBIpAmM8Ife3LGrP,Dua Lipa,4,16
5hw7bUv7NtrsepLROgIxLl,Dua Lipa,4,16
1AVtceapuF36oZqI9gzp0o,Dua Lipa,4,16
59CrwNtNqzOmODXRxwaknc,Dua Lipa,4,16
2OWKDTonST8HNko3dBlPPp,Dua Lipa,4,16
1LPGXjVWl8EnrnyaOgPpBm,Dua Lipa,4,16
6sohkQSRVywh50akAo8MMd,Dua Lipa,4,16
0bKZUSWUSxLFm7FyZHsvYd,Dua Lipa,4,16
5CZ40GBx1sQ9agT82CLQCT,Olivia Rodrigo,22,0
1kuGVB7EU95pJObxwvfwKS,Olivia Rodrigo,22,0
6HU7h9RYOaPRFeh0R3UeAr,Olivia Rodrigo,22,0
5wANPM4fQCJwkGd4rN57mH,Olivia Rodrigo,22,0
4ZtFanR9U6ndgddUvNcjcG,Olivia Rodrigo,22,0
2tGvwE8GcFKwNdAXMnlbfl,Olivia Rodrigo,22,0
5JCoSi02qi3jJeHdZXMmR8,Olivia Rodrigo,22,0
0MMyJUC3WNnFS1lit5pTjk,Olivia Rodrigo,22,0
3IX0yuEVvDbnqUwMBB3ouC,Olivia Rodrigo,22,0
6QT6j7rKt7Vk3IuV2AUO9W,Olivia Rodrigo,22,0
2gyxAWHebV7xPYVxqoi86f,Olivia Rodrigo,22,0
6tNgRQ0K2NYZ0Rb9l9DzL8,Olivia Rodrigo,22,0
2TOzTqQXNmR2zDJXihjZ2e,Olivia Rodrigo,22,0
5Jh1i0no3vJ9u4deXkb4aV,Olivia Rodrigo,22,0
6SRsiMl7w1USE4mFqrOhHC,Olivia Rodrigo,22,0
4wcBRRpIfesgcyUtis7PEg,Olivia Rodrigo,22,0
3Nl5OkkmS5DaBZvuYofpAt,Olivia Rodrigo,22,0
26QLJMK8G0M06sk7h7Fkse,Olivia Rodrigo,22,0
34sOdxWu9FljH84UXdRwu1,Olivia Rodrigo,22,0
5CscrLqFBgPfZR8fGtikov,Olivia Rodrigo,22,0
2U3jOPfO4wZZFaaWS4Dcj6,Olivia Rodrigo,22,0
6W9l02gRsXVxzIuQC1oc1X,Olivia Rodrigo,22,0
1zejeOnykpCoyVSit6Bwp3,Olivia Rodrigo,22,0
53dtP2iUMvaF28JZcHnFuU,Olivia Rodrigo,22,0
5sp71CUt0jXRNqHblPGp7b,Olivia Rodrigo,22,0
7fesNTgTEMEH0ye8MOgEDY,Olivia Rodrigo,22,0
7JqH46zlr7XV7vMBt4slE6,Olivia Rodrigo,22,0
0bJAmhSAeMSfsyazOEUVFf,Olivia Rodrigo,22,0
27Cne97mFE21Ob0ScMewrV,Olivia Rodrigo,22,0
6dhWwPex5g1B1hg7ezGj2b,Olivia Rodrigo,22,0
5lfHlUT9WtSGw12jw7dSkk,Olivia Rodrigo,22,0
5SShKhLCYFydCsO4L7ULMr,Olivia Rodrigo,22,0
7IiOhvduGa8urDPC6l3CWo,Olivia Rodrigo,22,0
5D27wJnVQwYD7fAKaODHgs,Olivia Rodrigo,22,0
6gPOwGszseqYL7w02opoy1,Olivia Rodrigo,22,0
3jhlwdu8nU7hFTEGHUomN3,Olivia Rodrigo,22,0
6e5fsRfVK3jvrpUXJpG9mB,Olivia Rodrigo,22,0
4HOWCLfKRlHhbsCCBsquSE,Olivia Rodrigo,22,0
1dyfBMMklpbqRbuvjnVwap,Olivia Rodrigo,22,0
7E35A3DD14DVoE3rpCBmQj,Olivia Rodrigo,22,0
0FIDCNYYjNvPVimz5icugS,The Weeknd,3,13
0VjIjW4GlUZAMYd2vXMi3b,The Weeknd,3,13
3AWDeHLc88XogCaCnZQLVI,The Weeknd,3,13
7MXVkk9YMctZqd1Srtv4MB,The Weeknd,3,13
7DY756WOLyOz2Xnhw4EFiC,The Weeknd,3,13
5QO79kh1waicV47BqGRL3g,The Weeknd,3,13
7fBv7CLKzipRk6EC6TWHOB,The Weeknd,3,13
09mEdoA6zrmBPgTEN5qXmN,The Weeknd,3,13
1cKHdTo9u0ZymJdPGSh6nq,The Weeknd,3,13
37F0uwRSrdzkBiuj0D5UHI,The Weeknd,3,13
22VdIZQfgXJea34mQxlt81,The Weeknd,3,13
2p8IUWQDrpjuFltbdgLOag,The Weeknd,3,13
0mL82sxCRjrs3br407IdJh,The Weeknd,3,13
4PhsKqMdgMEUSstTDAmMpg,The Weeknd,3,13
0sTBOp1hdayTjw6UOyPyi6,The Weeknd,3,13
2Ch7LmS7r2Gy2kc64wv3Bz,The Weeknd,3,13
3mHO1J6kfiArjBo1zhLFGP,The Weeknd,3,13
6bnF93Rx87YqUBLSgjiMU8,The Weeknd,3,13
5ZDKPFRZC6QlJpf8bCIXTs,The Weeknd,3,13
5rzI6Jnlhx8DgVgsOLorfW,The Weeknd,3,13
2gyHr9WqZeMtzJOpWGuGo6,The Weeknd,3,13
0GROiXm03OrMC5ltXLhGIu,The Weeknd,3,13
2r7BPog74oaTG5shNYiUnV,The Weeknd,3,13
3dhjNA0jGA8vHBQ1VdD6vV,The Weeknd,3,13
2v0AG62ZHtD3I4YmTb3WYM,The Weeknd,3,13
4F7A0DXBrmUAkp32uenhZt,The Weeknd,3,13
5673WA8EEUSPx1ir26lhGW,The Weeknd,3,13
637oNhilCI9UlkWkUW4Grt,The Weeknd,3,13
2SLwbpExuoBDZBpjfefCtV,The Weeknd,3,13
7szuecWAPwGoV1e5vGu8tl,The Weeknd,3,13
7rVmzyFA7f4rNGl9onF21E,The Weeknd,3,13
4jBfUB4kQJCWOrjGLQqhO0,The Weeknd,3,13
7oDd86yk8itslrA9HRP2ki,The Weeknd,3,13
0bcZ7xN9IcjSNxLerzR2yl,The Weeknd,3,13
0FolPJnYMo71Z7qasTuoJT,The Weeknd,3,13
4EDijkJdHBZZ0GwJ12iTAj,The Weeknd,3,13
4frLb7nWtsz2ymBE6k2GRP,The Weeknd,3,13
4Msr8L0gHGDsLSBlk7pSPU,The Weeknd,3,13
7uJH0YdSZL6psjxI6Xy08b,The Weeknd,3,13
2D4dV2KXDTszzJ3p3cFqhA,The Weeknd,3,13
25KybV9BOUlvcnv7nN3Pyo,The Weeknd,3,13
4Yw8TyBm9J8cpy2guHUYog,The Weeknd,3,13
4h90qkbnW1Qq6pBhoPvwko,The Weeknd,3,13
4sWQbsLLH2NEbO79DSZCL9,The Weeknd,3,13
4TDPlp7OSOjuDU3l7PCM04,The Weeknd,3,13
00aqkszH1FdUiJJWvX6iEl,The Weeknd,3,13
4CPuDVC8jhhK6lA2DIt8Cf,Doja Cat,3,17
3DarAbFujv6eYNliUTyqtz,Doja Cat,3,17
60ynsPSSKe6O3sfwRnIBRf,Doja Cat,3,17
6Uj1ctrBOjOas8xZXGqKk4,Doja Cat,3,17
1SVhTS4l0sLFsP2Abme05l,Doja Cat,3,17
3Vi5XqYrmQgOYBajMWSvCi,Doja Cat,3,17
2IGMVunIBsBLtEQyoI1Mu7,Doja Cat,3,17
1VJwtWR6z7SpZRwipI12be,Doja Cat,3,17
7dJYggqjKo71KI9sLzqCs8,Doja Cat,3,17
0k4d5YPDr1r7FX77VdqWez,Doja Cat,3,17
78qd8dvwea0Gosb6Fe6j3k,Doja Cat,3,17
3Dv1eDb0MEgF93GpLXlucZ,Doja Cat,3,17
2s4AcE9n80mSHl87lp4gIm,Doja Cat,3,17
5lAnYvAIkSDNXqfo7DyFUm,Doja Cat,3,17
3aA6xB0tOilDDX17fIJ0Bl,Doja Cat,3,17
1uNePI826aqh9uC9pgbeHU,Doja Cat,3,17
1TMWcbxL5YF8rKsFHv5hAP,Doja Cat,3,17
0W6I02J9xcqK8MtSeosEXb,Doja Cat,3,17
4EivmOT13NMpNSfTKn9p4s,Doja Cat,3,17
0Uru1UoJdHKf2lxssQT3kC,Doja Cat,3,17
7f5trao56t7sB7f14QDTmp,Doja Cat,3,17
7y3xU9vEC1s8DSuuoSYKih,Doja Cat,3,17
2etHQJxIbV0soyPhelVs9Y,Doja Cat,3,17
1ghvzmzpx2nnrbx7wtpMgo,Doja Cat,3,17
0FFsgUoFibYISzMxuGS61W,Doja Cat,3,17
6iOvnACn4ChlAw4lWUU4dd,Doja Cat,3,17
11xC6P3iKYpFThT6Ce1KdG,Doja Cat,3,17
3vySEUpD0tc801F2WZDLYw,Doja Cat,3,17
7k51pIqTGEHHZOnpI11Qq2,Doja Cat,3,17
0CrcwVLUe8wzLUIXgjXVZJ,Doja Cat,3,17
2tT9weSQUFDWsVgHBYz3G6,Doja Cat,3,17
7DlZH8EiVDgQXNoj3dnyZC,Doja Cat,3,17
043dDJ9u0PQ3ooAXMgcwOe,Doja Cat,3,17
6vb4kCEIM7zrwuHlxFbfeB,Doja Cat,3,17
0CsR9Y9SnC6ZWmekmVqSHz,Doja Cat,3,17
2OAcH9SD8ehxuG0tWNe0cU,Doja Cat,3,17
4de1X6v99U7tfOXrNUCTbi,Doja Cat,3,17
1ayV64ur8VWgc6OPtPRl1q,Doja Cat,3,17
4cTm3Ev9bUvy4ChJjB1nhl,Doja Cat,3,17
11VApNQCWLJdzxWrlmwzUa,Doja Cat,3,17
1L0z2CQKrKJ2spYSMkfim9,Doja Cat,3,17
032UZ3KVrzII6AE9Abnj7z,Doja Cat,3,17
0ZGQ5v2JDBTrFpHv3pLWhp,Doja Cat,3,17
4rmwWGh87KY0ouByBEh1zC,Doja Cat,3,17
1ZiJGdjNtvgngdT3wRKVqS,Doja Cat,3,17
6Q9IUoBTNLHgBib1FSFGbj,Doja Cat,3,17
15sNe8FD178zMsVz6ug0AS,Doja Cat,3,17
4rjQxlKAIXbEqHzjrnYZ7x,Doja Cat,3,17
51ZQ1vr10ffzbwIjDCwqm4,Ariana Grande,3,18
1YRbAonLvmuUILvQso0gUM,Ariana Grande,3,18
6wZOZ0votPhc8qdg4UFPtH,Ariana Grande,3,18
7xoUc6faLbCqZO6fQEYprd,Ariana Grande,3,18
0BeR2fJmYnKNn7IORw3GR9,Ariana Grande,3,18
2MIpkAQVJqQIDf9k4YWoHR,Ariana Grande,3,18
5BBkvXH2jYROUzKIB7WX7S,Ariana Grande,3,18
6ocbgoVGwYJhOv1GgI9NsF,Ariana Grande,3,18
4D2DFuqs2PwLiHbcf6CX47,Ariana Grande,3,18
0Lmbke3KNVFXtoH2mMSHCw,Ariana Grande,3,18
5J4ZkQpzMUFojo1CtAZYpn,Ariana Grande,3,18
2o1pb13quMReXZqE7jWsgq,Ariana Grande,3,18
3e9HZxeyfWwjeyPAMmWSSQ,Ariana Grande,3,18
12KUFSHFgT0XCoiSlvdQi4,Ariana Grande,3,18
4HBZA5flZLE435QTztThqH,Ariana Grande,3,18
5QMrH5nszZZR3nefIj6Mar,Ariana Grande,3,18
7vS3Y0IKjde7Xg85LWIEdP,Ariana Grande,3,18
2hloaUoRonYssMuqLCBLTX,Ariana Grande,3,18
35mvY5S1H3J2QZyna3TFe0,Ariana Grande,3,18
3i8fIJNV0yuC4kXT3SkVBZ,Ariana Grande,3,18
2qT1uLXPVPzGgFOx4jtEuo,Ariana Grande,3,18
7eGuPhpdS8sBjPJNuAShUX,Ariana Grande,3,18
1Rweq7vNjK4kZBbGrmxQsl,Ariana Grande,3,18
5OCJzvD7sykQEKHH7qAC3C,Ariana Grande,3,18
1edcyazKIdKrIuz9cWpXU6,Ariana Grande,3,18
142PiXzA84lmEw2RstFHFa,Ariana Grande,3,18
5D34wRmbFS29AjtTOP2QJe,Ariana Grande,3,18
6Im9k8u9iIzKMrmV7BWtlF,Ariana Grande,3,18
3RwWW7KeVhHGayYJgUL5eZ,Ariana Grande,3,18
4kV4N9D1iKVxx1KLvtTpjS,Ariana Grande,3,18
7oDd86yk8itslrA9HRP2ki,Ariana Grande,3,18
0ZE7YRwdYqM8CtmfExYGDk,Ariana Grande,3,18
7LtqaCjLaiSvSdYgFQyYEM,Ariana Grande,3,18
3UoULw70kMsiVXxW0L3A33,Ariana Grande,3,18
3NcrKwg8J1mOB1Ybt18rYt,Ariana Grande,3,18
0WdR2AyLW1Drd3OUdwezM0,Ariana Grande,3,18
0br9vcQnqeqp9PKCGsrxAF,Ariana Grande,3,18
5V7rdUyypIWQ1T52gRfY44,Ariana Grande,3,18
4mxj6SQ7BxfQ90CBTbxcwH,Ariana Grande,3,18
65EIzsI7l5NgVG6ARaPath,Ariana Grande,3,18
6qo8v2y2MHUSPLs7VBc6cG,Ariana Grande,3,18
0o3ua5ufFK7nfRzbDUNoGA,Ariana Grande,3,18
70khXICDeTTxgYtw3EysKH,Ariana Grande,3,18
3zSnPhuucEb9JbFSxKVcIn,Ariana Grande,3,18
59mCYbP5mcOn7vIgHshRPv,Ariana Grande,3,18
48bbrovqXOEgBAmcaoKe9h,Ariana Grande,3,18
43TXNdQorrBW62jfmm4jkS,Ariana Grande,3,18
6dOtVTDdiauQNBQEDOtlAB,Billie Eilish,5,1
3QaPy1KgI7nu9FJEQUgn6h,Billie Eilish,5,1
7BRD7x5pt8Lqa1eGYC4dzj,Billie Eilish,5,1
43zdsphuZLzwA9k4DJhU0I,Billie Eilish,5,1
629DixmZGHc7ILtEntuiWE,Billie Eilish,5,1
4RVwu0g32PAqgUiJoXsdF8,Billie Eilish,5,1
7hDVYcQq6MxkdJGweuCtl9,Billie Eilish,5,1
3GYlZ7tbxLOxe6ewMNVTkw,Billie Eilish,5,1
3ZCTVFBt2Brf31RLEnCkWJ,Billie Eilish,5,1
6fPan2saHdFaIHuTSatORv,Billie Eilish,5,1
6TGd66r0nlPaYm3KIoI7ET,Billie Eilish,5,1
6CcJMwBtXByIz4zQLzFkKc,Billie Eilish,5,1
2prqm9sPLj10B4Wg0wE5x9,Billie Eilish,5,1
2Fxmhks0bxGSBdJ92vM42m,Billie Eilish,5,1
3WOhcATHxK2SLNeP5W3v1v,Billie Eilish,5,1
1CsMKhwEmNnmvHUuO5nryA,Billie Eilish,5,1
04sN26COy28wTXYj3dMoiZ,Billie Eilish,5,1
7eB1V5LvAdxCc7brfGhRRo,Billie Eilish,5,1
41zXlQxzTi6cGAjpOXyLYH,Billie Eilish,5,1
2KnuaZYoGzDoHiBTNYOTXG,Billie Eilish,5,1
7DpUoxGSdlDHfqCYj0otzU,Billie Eilish,5,1
1LLUoftvmTjVNBHZoQyveF,Billie Eilish,5,1
5XsAal7ZcWg1I5T4NcRjkv,Billie Eilish,5,1
51NFxnQvaosfDDutk0tams,Billie Eilish,5,1
38GBNKZUhfBkk3oNlWzRYd,Billie Eilish,5,1
0tMSssfxAL2oV8Vri0mFHE,Billie Eilish,5,1
3XF5xLJHOQQRbWya6hBp7d,Billie Eilish,5,1
73SpzrcaHk0RQPFP73vqVR,Billie Eilish,5,1
3Tc57t9l2O8FwQZtQOvPXK,Billie Eilish,5,1
4SSnFejRGlZikf02HLewEF,Billie Eilish,5,1
7qEKqBCD2vE5vIBsrUitpD,Billie Eilish,5,1
0WFryfbNKPXVtVQlz5dZ8H,Billie Eilish,5,1
1WsEgieHsWWndAzLkmV105,Billie Eilish,5,1
042Sl6Mn83JHyLEqdK7uI0,Billie Eilish,5,1
3Fj47GNK2kUF0uaEDgXLaD,Billie Eilish,5,1
7bcy34fBT2ap1L4bfPsl9q,Billie Eilish,5,1
5SHpuW2qjkQtFRpE6P9Nks,Billie Eilish,5,1
6IRdLKIyS4p7XNiP8r6rsx,Billie Eilish,5,1
2VlLbhGLVJgdOW7kKdWWFc,Billie Eilish,5,1
5t3Vk8bRKylx4fjj7qlbib,Billie Eilish,5,1
5w7wuzMzsDer96KqxafeRK,Billie Eilish,5,1
4HOryCnbme0zBnF8LWij3f,Billie Eilish,5,1
20R4HfKloPKgXDqU7UKk3x,Billie Eilish,5,1
1RGasjWLZ4qMN7wbtkLa3u,Billie Eilish,5,1
4ak9GGe6afmi2HbxEjvhIC,Billie Eilish,5,1
4191RXFPa7Ge9XkA4cWlna,Billie Eilish,5,1
4t2OeILB07eMGTXSUbMPEu,Billie Eilish,5,1
3YUMWmx8EJq0DurfuIwoGh,Billie Eilish,5,1
0tgVpDi06FyKpA1z0VMD4v,Ed Sheeran,2,10
7qiZfU4dY1lWllzX7mPBI3,Ed Sheeran,2,10
1HNkqx9Ahdgi1Ixy2xkKkL,Ed Sheeran,2,10
0GRc3eGTg8HBdWLRGYgqIc,Ed Sheeran,2,10
34gCuhDGsG4bRPIf9bb02f,Ed Sheeran,2,10
50nfwKoDiSYg8zOCREWAm5,Ed Sheeran,2,10
3rmo8F54jFF8OgYsqTxm5d,Ed Sheeran,2,10
0afhq8XCExXpqazXczTSve,Ed Sheeran,2,10
6PCUP3dWmTjcTtXY02oFdT,Ed Sheeran,2,10
2RttW7RAu5nOAfq6YFvApB,Ed Sheeran,2,10
0QBzMgT7NIeoCYy3sJCof1,Ed Sheeran,2,10
4VuS959DSpr82t3qBqCrWG,Ed Sheeran,2,10
51ChrwmUPDJvedPQnIU8Ls,Ed Sheeran,2,10
3p7XQpdt8Dr6oMXSvRZ9bg,Ed Sheeran,2,10
1huvTbEYtgltjQRXzrNKGi,Ed Sheeran,2,10
5ubHAQtKuFfiG4FXfLP804,Ed Sheeran,2,10
4vUmTMuQqjdnvlZmAH61Qk,Ed Sheeran,2,10
70eFcWOvlMObDhURTqT4Fv,Ed Sheeran,2,10
0SuG9kyzGRpDqrCWtgD6Lq,Ed Sheeran,2,10
1f1wT6Q7Buxb3OD0BqMW8O,Ed Sheeran,2,10
6hvRoJ0BTZywxu8UCPBkzx,Ed Sheeran,2,10
6K8qKeWo5MsFED7wCR6Kop,Ed Sheeran,2,10
4zrKN5Sv8JS5mqnbVcsul7,Ed Sheeran,2,10
35QZaWQRkmnAVqBF1TLCxQ,Ed Sheeran,2,10
0Tel1fmuCxEFV6wBLXsEdk,Ed Sheeran,2,10
1HbcclMpw0q2WDWpdGCKdS,Ed Sheeran,2,10
4btFHqumCO31GksfuBLLv3,Ed Sheeran,2,10
0rt63HYAAIzUZo5O2D0uA6,Ed Sheeran,2,10
1XpYodsD36XN7ygcdF7mJJ,Ed Sheeran,2,10
63kLorCFyk4ZHMHPhcWOtO,Ed Sheeran,2,10
2pJZ1v8HezrAoZ0Fhzby92,Ed Sheeran,2,10
6PJ8FF6UR8FZXfEvpHkIVN,Ed Sheeran,2,10
2SUxn2O9NHL6GHGQFgwCY0,Ed Sheeran,2,10
6N1K5OVVCopBjGViHs2IvP,Ed Sheeran,2,10
5v4sZRuvWDcisoOk1PFv6T,Ed Sheeran,2,10
3Lfiu5sZ4M4B6JaKMBc0FU,Ed Sheeran,2,10
1AI7UPw3fgwAFkvAlZWhE0,Ed Sheeran,2,10
4RnCPWlBsY7oUDdyruod7Y,Ed Sheeran,2,10
5HDPtsnyb3maFmPL8LLUTG,Ed Sheeran,2,10
0xCA70t1ZA4fa9UOE0lIJm,Ed Sheeran,2,10
6sfjKDUILQRMW5b9Q4Y3Rv,Ed Sheeran,2,10
6ZZf5a8oiInHDkBe9zXfLP,Ed Sheeran,2,10
5KL4iZkCTZyXl7KnHgfVDj,Ed Sheeran,2,10
5QYnNhTKsN3kE7OaqILA1U,Ed Sheeran,2,10
2dfHh7ECGxfNqZTQno09Vk,Ed Sheeran,2,10
4rDvBpFgKbgJepZTaP0rD6,Ed Sheeran,2,10
4wuCQX7JvAZLlrcmH4AeZF,Ed Sheeran,2,10
2u9S9JJ6hTZS3Vf22HOZKg,Drake,1,20
0NUqi0ps17YpLUC3kgsZq0,Drake,1,20
1zi7xx7UVEFkmKfv06H8x0,Drake,1,20
5mCPDVBb16L4XQwDdbRUpz,Drake,1,20
6DCZcSspjsKoFjzjrWoCdn,Drake,1,20
5Nz7hI3cCOHmMR4vSLJ1An,Drake,1,20
6LxSe8YmdPxy095Ux6znaQ,Drake,1,20
2kZoOj1n5vk9BuF0sih58M,Drake,1,20
3F5CgOj3wFlRv51JsHbxhe,Drake,1,20
4u43I0LP2Xf85OAS85eG0R,Drake,1,20
6n3HGiq4v35D6eFOSwqYuo,Drake,1,20
1C7KSXR2GVxknex6I4ANco,Drake,1,20
1yeB8MUNeLo9Ek1UEpsyz6,Drake,1,20
1F6nHHDJyTHLgDDFj1ZZDt,Drake,1,20
0wwPcA6wtMf6HUMpIRdeP7,Drake,1,20
1eroCliWpJrEu1V7VSObcO,Drake,1,20
4Wjhj0WjkyECccfHVIgaTq,Drake,1,20
3QLjDkgLh9AOEHlhQtDuhs,Drake,1,20
4JeD0FGslDsMeeahEGZa2L,Drake,1,20
3CA9pLiwRIGtUBiMjbZmRw,Drake,1,20
4GqhG9rDuRUoNyDSMJ0Brq,Drake,1,20
3Q4gttWQ6hxqWOa3tHoTNi,Drake,1,20
1PDP7mLiAMwhfmgIwzhOm2,Drake,1,20
0jF2AdhsalO1L7KkhK4LE5,Drake,1,20
4wVOKKEHUJxHCFFNUWDn0B,Drake,1,20
7DL2F2bueQycqYjqsjHYjG,Drake,1,20
1bDbXMyjaUIooNwFE9wn0N,Drake,1,20
1560osUcXrnov6yuOjXvc1,Drake,1,20
0TlLq3lA83rQOYtrqBqSct,Drake,1,20
124NFj84ppZ5pAxTuVQYCQ,Drake,1,20
3CY3zAjrxKVInh2Lq1QiRb,Drake,1,20
2YSzYUF3jWqb9YP9VXmpjE,Drake,1,20
1YHQQFtKqFSFrqL4cNvstU,Drake,1,20
6jdOi5U5LBzQrc4c1VT983,Drake,1,20
2ZL7WZcjuYKi1KUDtp4kCC,Drake,1,20
047fCsbO4NdmwCBn8pcUXl,Drake,1,20
2SAqBLGA283SUiwJ3xOUVI,Drake,1,20
2KvHC9z14GSl4YpkNMX384,Drake,1,20
65OVbaJR5O1RmwOQx0875b,Drake,1,20
5Se32hEA9raeboZerywxka,Drake,1,20
7aqfrAY2p9BUSiupwk3svU,Drake,1,20
2xxb5zW09uwbgyLprALi9E,Drake,1,20
4Kz4RdRCceaA9VgTqBhBfa,Drake,1,20
5aIEFCKhVUM5sKkwOSdFiM,Drake,1,20
3cjF2OFRmip8spwZYQRKxP,Drake,1,20
4Dvkj6JhhA12EX05fT7y2e,Harry Styles,23,0
5Ohxk2dO5COHF1krpoPigN,Harry Styles,23,0
6UelLqGlWMcVH1E5c4H7lY,Harry Styles,23,0
3jjujdWJ72nww5eGnfs2E7,Harry Styles,23,0
1ZMiCix7XSAbfAJlEZWMCp,Harry Styles,23,0
6VzcQuzTNTMFnJ6rBSaLH9,Harry Styles,23,0
1qEmFfgcLObUfQm0j1W2CK,Harry Styles,23,0
6uvh0In7u1Xn4HgxOfAn8O,Harry Styles,23,0
0rzaRSujxA0bKyjJl6vHYq,Harry Styles,23,0
3i058E8uxTsYqJ5NWZzqSj,Harry Styles,23,0
2NcQic8JxdjAlAHuNbOIRE,Harry Styles,23,0
5kRPPEWFJIMox5qIkQkiz5,Harry Styles,23,0
5LYMamLv12UPbemOaTPyeV,Harry Styles,23,0
51Zw1cKDgkad0CXv23HCMU,Harry Styles,23,0
33SNO8AaciGbNaQFkxvPrW,Harry Styles,23,0
1mw0RgNXIpYRyyCdBQbLgA,Harry Styles,23,0
2IOFZdYYkFxEHVz1w34PoL,Harry Styles,23,0
1IF5UcqRO42D12vYwceOY6,Harry Styles,23,0
4jAIqgrPjKLTY9Gbez25Qb,Harry Styles,23,0
4j6kId9QIqhoXvqHKgSKa0,Harry Styles,23,0
69w5X6uTrOaWM32IetSzvO,Harry Styles,23,0
35TyJIMR3xRouUuo2sjS6v,Harry Styles,23,0
4B1rpPmQXwj78wk6aIGwwU,Harry Styles,23,0
6SQLk9HSNketfgs2AyIiMs,Harry Styles,23,0
6iYMfxznTBlcVOgRHab2W0,Harry Styles,23,0
6qj02zSeEJGWZ4c0dn5QzJ,Harry Styles,23,0
5Lbsc65org0b85kNsPkluY,Harry Styles,23,0
5IhzJOXNE7ki0IIJbZbnGq,Harry Styles,23,0
4u9Y4Z9i9VaAbBK7rW1Rha,Harry Styles,23,0
33bURv895AN4FkBvgFo2dx,Harry Styles,23,0
5JiH89mHrv9oWHlD0T326z,Harry Styles,23,0
5LABCxgmP7DATATIJXOh6n,Harry Styles,23,0
03mMSLEJCPoGJwQhHpN5y0,Harry Styles,23,0
7DSAEUvxU8FajXtRloy8M0,Miley Cyrus,4,14
5SxahezRlC0saXbCALfB7c,Miley Cyrus,4,14
2vwlzO0Qp8kfEtzTsCXfyE,Miley Cyrus,4,14
3E7dfMvvCLUddWissuqMwr,Miley Cyrus,4,14
2y4lAQpi5VTNLu2ldeTdUH,Miley Cyrus,4,14
1daDRI9ahBonbWD8YcxOIB,Miley Cyrus,4,14
5x5JM1BSB6vollcIzDocqT,Miley Cyrus,4,14
1UZOjK1BwmwWU14Erba9CZ,Miley Cyrus,4,14
2Oycxb8QbPkpHTo8ZrmG0B,Miley Cyrus,4,14
4i2qxFEVVUi8yOYoxB8TCX,Miley Cyrus,4,14
41WQUSINanQHfhfKpFDsms,Miley Cyrus,4,14
0zXetawK1ZHDd9Rqw0fD7J,Miley Cyrus,4,14
6ZfXA2xakAvphXOSOJ3u1W,Miley Cyrus,4,14
3AjyOYxBv8bByfBtG5o9dP,Miley Cyrus,4,14
0LbZLBBZI1NfaDgb4dx0UD,Miley Cyrus,4,14
5AnCLGg35ziFOloEnXK4uu,Miley Cyrus,4,14
6QQtHdz4PNJWQX4nrAQGC9,Miley Cyrus,4,14
6BHshWgPkMT0iIwOiuKiF2,Miley Cyrus,4,14
5GK1GYXH16RdfmltogHhAk,Miley Cyrus,4,14
4tc97Wa8SP5f9gaaOar8Kq,Miley Cyrus,4,14
6qCsKKS7Ol63SJW3LOIX5R,Miley Cyrus,4,14
2PtqXZxNhMvDOr8HDQyDHF,Miley Cyrus,4,14
2r6DdaSbkbwoPzuK6NjLPn,Miley Cyrus,4,14
1yampU2t2LNWzEsCpUgHYJ,Miley Cyrus,4,14
1Tip6R4swhC7E6hgILBjrE,Miley Cyrus,4,14
1nSfvLVhsozMHS7rCF1BTi,Miley Cyrus,4,14
4f9wNNZET9wH7eMBgONd3d,Miley Cyrus,4,14
39HFKh08mU0aktj9UulRnY,Miley Cyrus,4,14
3DoSolxGSDoV7G7MtcIPiZ,Miley Cyrus,4,14
0Nfh4u0J4bajcyp5pzaWCx,Miley Cyrus,4,14
2mC33mxgLJN3IT65MGN3B0,Miley Cyrus,4,14
4LRxmh62YHxSHL4hGLq0ln,Miley Cyrus,4,14
0olaaJrCBTMJJvqPdvNpsx,Miley Cyrus,4,14
1M7qLcfozANPcMKfgMEHOt,Miley Cyrus,4,14
3LNRi4UytUnez6T0hFb4x3,Miley Cyrus,4,14
4v8jmsVox8VwU5js3JHOJZ,Miley Cyrus,4,14
6dDIOU6AqgLkrjFNPgvKY6,Miley Cyrus,4,14
4TZZvblv2yzLIBk2JwJ6Un,Miley Cyrus,4,14
37PJvlIfYWqEX6fgjHlnTf,Miley Cyrus,4,14
4U34WsyOvppOMnRfq7DuOy,Miley Cyrus,4,14
4buvG5Kmstm8UMjSgUrv2X,Miley Cyrus,4,14
6QSR2OrZOICOXfFB5Wswt1,Miley Cyrus,4,14
4C2Y3Y2x2PbOqwdNBuLjP3,Miley Cyrus,4,14
0Gb6pfKdfoQ17jUqx1Yohc,Miley Cyrus,4,14
7kzQRB3b9gp2kdjI0dLv8M,Miley Cyrus,4,14
2LseyBkPJv7r7wCt2yMEgX,Miley Cyrus,4,14
2f6s0AcBRBE0vIOU0NMdXw,Miley Cyrus,4,14
1ZJwhLQLt2quexYKP2Q3gk,Miley Cyrus,4,14
3rUGC1vUpkDG9CZFHMur1t,Tate McRae,5,6
2zOmS55knKWSgScYPTNmGQ,Tate McRae,5,6
4l0RmWt52FxpVxMNni6i63,Tate McRae,5,6
4E63weMCaNZuGPEFMnuEi8,Tate McRae,5,6
51hyZpbJlIgZIaX3TtMxmu,Tate McRae,5,6
7l9IqDtVWJurTvkQHq1BGh,Tate McRae,5,6
24XihnoVPWXlKJ4BgXqjVM,Tate McRae,5,6
7l97ElWmIdVHWUaOeeU5ZC,Tate McRae,5,6
3gZqHdjeKghI5QFjTdOWCU,Tate McRae,5,6
3pjpG96WxzRnxNFxZC56vV,Tate McRae,5,6
5Y6a6AaahaBi5ljf6hk7dF,Tate McRae,5,6
0UD2KrDv5s5iPYNaQyRAan,Tate McRae,5,6
16h03SmAjgMQacOa7j9bFy,Tate McRae,5,6
6BePGk3eCan4FqaW2X8Qy3,Tate McRae,5,6
68piyqlWly58RgPI2L1hAK,Tate McRae,5,6
4RtFabLO2KuYlxBlgHkg64,Tate McRae,5,6
1f18HzFpegqvH4ibGJyeMJ,Tate McRae,5,6
5Dg1VGthgPfQasqbX5GHDE,Tate McRae,5,6
6hQ9Z0D5IEvL5rVb4c2Oov,Tate McRae,5,6
5KVot2VLi0sFVv7zyOCn0q,Tate McRae,5,6
6gBZsUc90myWngMU5VRYp5,Tate McRae,5,6
6vyiGZsNWMMc3WTNaMeJ9F,Tate McRae,5,6
6qmvAJSUfVGMubvI2awW7p,Tate McRae,5,6
2cc8Sw1OnCuA5bV8nqWqpE,Tate McRae,5,6
4mFcwFOlSCxp6hjemRXwpd,Tate McRae,5,6
0WPC7zoxtjUMCpm3u0Xw7C,Tate McRae,5,6
03zuGqxMwUFFmCwusq0WKE,Tate McRae,5,6
08wLOGTbqSoo2CEl5RWl5C,Tate McRae,5,6
3Mk7IafwNuQdFQda1XI5PE,Tate McRae,5,6
0tFRxPQHvAUMTbWYRJUo8R,Tate McRae,5,6
2wIcebwzceIwgonsDICx6P,Tate McRae,5,6
4Ey0LK1HzksUqm9JLzzKuD,Tate McRae,5,6
4bt7eqP7mfWduRBKEpCAzM,Tate McRae,5,6
44c9MsAwxoAdAYpCVRBAG1,Tate McRae,5,6
57DTKgkc3CjkUxg0urNl1u,Tate McRae,5,6
1vdjJ55uw3WOuu7ZSyABFP,Tate McRae,5,6
2E8IlL26PwtZq7CqAHBBUw,Tate McRae,5,6
6jDT7DB6k0psPX0nWNDI1K,Tate McRae,5,6
4kfSXPK13aXkLzuz02hCSC,Tate McRae,5,6
0gIxF0RR0miqWLs2fPQGBu,Tate McRae,5,6
4ewmHD3aRBmLyTsbGreNLw,Tate McRae,5,6
53H3ajzHjI5M9ZeewvRO3h,Tate McRae,5,6
3RhyHYnYxuGnP8njFlNxHq,Tate McRae,5,6
2byJqu4cw657Y7G6nFogkG,Tate McRae,5,6
3yoIliXhnorEdfTZ93W2YL,Tate McRae,5,6
4X3Br7EVc8oy44zUwU1z5w,Tate McRae,5,6
2zScQCfO2BKtR0Yk8dtELN,Tate McRae,5,6
01BDK4Skxzh5mqnTbQzWGy,Tate McRae,5,6
5BLxf0dPOTKMFFgUEp8M6T,Tate McRae,5,6
4ZnkygoWLzcGbQYCm3lkae,Troye Sivan,5,15
3afkJSKX0EAMsJXTZnDXXJ,Troye Sivan,5,15
1SdQjKRW52cHg2SEesQLvH,Troye Sivan,5,15
5Eh1nj7IjV9lwpcKAkidyY,Troye Sivan,5,15
31MNHKE86sEXzIglbGQ6mu,Troye Sivan,5,15
2m6Ko3CY1qXNNja8AlugNc,Troye Sivan,5,15
2cc8Sw1OnCuA5bV8nqWqpE,Troye Sivan,5,15
0nhBKubnVz9yFNNprBniWz,Troye Sivan,5,15
2NjO87HyT80fsgejd3PLYW,Troye Sivan,5,15
6jA8HL9i4QGzsj6fjoxp8Y,Troye Sivan,5,15
4NiehSBQthimPzRsVeOgCT,Troye Sivan,5,15
2LUD3874dlzeRa34Hi7ohW,Troye Sivan,5,15
0sYM4OmgrRYaHq6DV7obq1,Troye Sivan,5,15
05mAIVLkIWc2d1UBYZBCp8,Troye Sivan,5,15
0oTyoTKEKMdF3rXcOLyEfN,Troye Sivan,5,15
0GMZYC6lcrpnwjDiEtDO8i,Troye Sivan,5,15
3gzIK2dGSVvPBiohsTwEWZ,Troye Sivan,5,15
4RoArPM0AsuW3h8hW8xtnr,Troye Sivan,5,15
5lMgUPtlARalVIGxl0xE3J,Troye Sivan,5,15
0Brx9I3vh7Po30gxsTtLz5,Troye Sivan,5,15
4qAHuJq5T4Q97EQZG47H0P,Troye Sivan,5,15
3H7oAhHxkEkSf9iomv2mbG,Troye Sivan,5,15
0oKCOb4l4P8B8dvGIksZE6,Troye Sivan,5,15
21063p4OKSg1gQOx4Fzv77,Troye Sivan,5,15
6r8Xk7Fldj4GR4r0fVBH42,Troye Sivan,5,15
6d48aJz9FrGQCfA9zj0ZMM,Troye Sivan,5,15
6fNyEK8kTquBSUTHbqbfaK,Troye Sivan,5,15
6P7b7UciZ4Q4sbujF4QcrO,Troye Sivan,5,15
1Dfzjb9aFxgSFM0vnNTDPr,Troye Sivan,5,15
5PQFmB2xhRkJTUWDKccBoP,Troye Sivan,5,15
1othhMi2WsiF9oLoisJjYW,Troye Sivan,5,15
5yFhb4ABfgvqQYZEK18lcc,Troye Sivan,5,15
0Ad6zJhaqKCwEccDAKz6sk,Troye Sivan,5,15
2o7aTRkVOAiQSv0CoFUKxk,Troye Sivan,5,15
7iyKbBjb2fmTnTfCjCh7ER,Troye Sivan,5,15
2jdhlW147vLcDNDColQyBu,Troye Sivan,5,15
6LteLVcW0oWLjuW6nePyWb,Troye Sivan,5,15
0W2YQYzdW7EDKt17DfR8TV,Troye Sivan,5,15
26xSz7VJP1AERCJfgaXeMZ,Troye Sivan,5,15
4z8Ll8nU1jMqB8HvKTyLP1,Troye Sivan,5,15
5bbtc9t6FcerXp732H2XNu,Troye Sivan,5,15
5OGXUPMmIKtrAlV4vrL3EE,Troye Sivan,5,15
0xexXKZ1CAIrNHhTUX5Qkh,Troye Sivan,5,15
4lvJOtynZbT08pZO10YoOv,Troye Sivan,5,15
2fNi8T6DLiY9SxFnZrhOeV,Troye Sivan,5,15
6iBPeFlk4DLJ4HfRfZ2J7H,Troye Sivan,5,15
5G2f63n7IPVPPjfNIGih7Q,Sabrina Carpenter,6,6
0b0Dz0Gi86SVdBxYeiQcCP,Sabrina Carpenter,6,6
2HRqTpkrJO5ggZyyK6NPWz,Sabrina Carpenter,6,6
2qSkIjg1o9h3YT9RAgYN75,Sabrina Carpenter,6,6
1UHS8Rf6h5Ar3CDWRd3wjF,Sabrina Carpenter,6,6
21B4gaTWnTkuSh77iWEXdS,Sabrina Carpenter,6,6
6dgUya35uo964z7GZXM07g,Sabrina Carpenter,6,6
2tHwzyyOLoWSFqYNjeVMzj,Sabrina Carpenter,6,6
2Zo1PcszsT9WQ0ANntJbID,Sabrina Carpenter,6,6
1zhvxTuSha22nsUT5Nw8gE,Sabrina Carpenter,6,6
5N3hjp1WNayUPZrA8kJmJP,Sabrina Carpenter,6,6
102YUQbYmwdBXS7jwamI90,Sabrina Carpenter,6,6
32FhTAAjKZaBein150o3Px,Sabrina Carpenter,6,6
5YwBaDW36fztKNnoiHQar3,Sabrina Carpenter,6,6
1Y66A5zH3iPOWCDIuSDQR5,Sabrina Carpenter,6,6
59tskctgqUmjCWAwhzYAFm,Sabrina Carpenter,6,6
5oIVNm56t6OIf9ZjdEG3ud,Sabrina Carpenter,6,6
4Wos0h9ECU2Z3oJMTQxpbc,Sabrina Carpenter,6,6
09LrGvT9KsACH66RHYMDyR,Sabrina Carpenter,6,6
0XkZmBCCcdMY0EPY8ij6Gb,Sabrina Carpenter,6,6
3iPIDAFybaoyqX7hvAfWkl,Sabrina Carpenter,6,6
6WC5fhc9XMaCrUNKNjm9xE,Sabrina Carpenter,6,6
4n7jnSxVLd8QioibtTDBDq,Sabrina Carpenter,6,6
0w1qp04v2zehJXctW0JPjy,Sabrina Carpenter,6,6
0lTDxglypMd8e8Q5hnmDnI,Sabrina Carpenter,6,6
5VhvD0AKRprEaFtPNKGBQR,Sabrina Carpenter,6,6
0NtuiQlHqh0iVYUIMLEHi4,Sabrina Carpenter,6,6
2OyX4SHk1oVRBP2dBOqRqC,Sabrina Carpenter,6,6
5il0jwWUlvgtIzWvzJi12z,Sabrina Carpenter,6,6
5JiTjhx7lhqYgsIGpo0VFy,Sabrina Carpenter,6,6
6nrSo5ZWhsai0oeX257rRF,Sabrina Carpenter,6,6
2LU2CYKUZUc1iAErxJb1dK,Sabrina Carpenter,6,6
6Dr0QDwc9g69u5H7vuIyxh,Sabrina Carpenter,6,6
7wJkgAZNkRMQz1FOMS5z6Y,Sabrina Carpenter,6,6
0LB0SY2DW67uRjbDWcAHMZ,Sabrina Carpenter,6,6
27Jko74ZSVY1kwt0vMY6Pu,Sabrina Carpenter,6,6
2qLyo5FeWquE7HBUbcVnEy,Sabrina Carpenter,6,6
13djc4bqGG8n26PmsAuByA,Sabrina Carpenter,6,6
0I6ZBVBb7DXfjVVCM0NmSQ,Sabrina Carpenter,6,6
6n05BgVkxxz2k5ICZYa2PH,Sabrina Carpenter,6,6
1QBEAcc13ipZG7OvT2z2v1,Sabrina Carpenter,6,6
3WVhkjB7Y4xFruqoCAajBb,Sabrina Carpenter,6,6
5kcuHw8WtxauIWI5crMcLM,Sabrina Carpenter,6,6
03B2SfXuvDh1m9F4tqrX07,Sabrina Carpenter,6,6
5QhJorJmjqYfETfqgBtGg3,Sabrina Carpenter,6,6
359HNzfOXhCMHB1pNKhyfH,Sabrina Carpenter,6,6
2t2fnYja6b2pUizMungIo0,Sabrina Carpenter,6,6
6Alp15t6urC4opjJiyOqZu,Sabrina Carpenter,6,6
2WNHUp4s806SJrsj698ZX3,Sabrina Carpenter,6,6
1RAeuvRyRzCweAK3jUT0ZW,Sabrina Carpenter,6,6
2EBCVPNAG46nbgs6jXPGvv,Nicki Minaj,1,18
3hlksXnvbKogFdPbpO9vel,Nicki Minaj,1,18
2jATUzETZL49e6SywauZKE,Nicki Minaj,1,18
1ia019RqDK2o4QiANR1Dyn,Nicki Minaj,1,18
1a73gcEg6h6Re6hHXoVltJ,Nicki Minaj,1,18
75u9uswC5UMdtv4SQ3xSYf,Nicki Minaj,1,18
4C6Uex2ILwJi9sZXRdmqXp,Nicki Minaj,1,18
5ZJGv7aGdIr9IGpxzSG18T,Nicki Minaj,1,18
5eqiMMbaeUZ32Q7sS00H35,Nicki Minaj,1,18
6Slt6WiWnriaqCb8xXb2ZT,Nicki Minaj,1,18
1w6kG4Rc29m5EherbvpkF5,Nicki Minaj,1,18
44L2bY93uD65CEHWbozpx4,Nicki Minaj,1,18
5kcE7pp02ezLZaUbbMv3Iq,Nicki Minaj,1,18
1UZ25gykR30Oewh3dBRtVZ,Nicki Minaj,1,18
3idU3rXoFCEFhAAbPGbwht,Nicki Minaj,1,18
3UrNOHCzVxX2KZbNcKQAyu,Nicki Minaj,1,18
7e44z4wOjkllaD8eulUeMd,Nicki Minaj,1,18
2E1RGgFtr1X4H6glXOtABo,Nicki Minaj,1,18
4I4G0LD277PWvfblYtSf91,Nicki Minaj,1,18
4M7aciOBSbGnh1bN3YbuS0,Nicki Minaj,1,18
4ZYAU4A2YBtlNdqOUtc7T2,Nicki Minaj,1,18
4vgTAdLit4VNnxZ7YK06NW,Nicki Minaj,1,18
6AD3gisKJrvj1STmAIRzHg,Nicki Minaj,1,18
0nnRUsgfm4uQUYTCIH9NZy,Nicki Minaj,1,18
3fhvnn5xALwA2htzljsU1v,Nicki Minaj,1,18
4It00tEYLwpjQtAhqnjCPC,Nicki Minaj,1,18
2oTFuT1tKLHlTJsnBSJJiN,Nicki Minaj,1,18
6supMAknraGpJrN5qqYfV8,Nicki Minaj,1,18
0eUzRaG60gimqQJ02oSUnH,Nicki Minaj,1,18
1tQDPFyd6nU5QYSDxlDxJi,Nicki Minaj,1,18
2bgW1SJqUjIkWcbxTPTIdy,Nicki Minaj,1,18
59RSrxkSKSixEWBAIvE5Wa,Nicki Minaj,1,18
1uYxHHZBRliM9cNzCxq93g,Nicki Minaj,1,18
6ORDoQ6jxdfqNyqvUKDHF0,Nicki Minaj,1,18
2K0PigoeFxviYiQXd4XtLI,Nicki Minaj,1,18
78qHOMYr8nDUd4fIHS5J7k,Nicki Minaj,1,18
0ZhPWSfAKzeVQbRG08E1iI,Nicki Minaj,1,18
5iHC401tsNlJRY46ECSYbo,Nicki Minaj,1,18
44gmXwbdHjwQsQvsiraj14,Nicki Minaj,1,18
4dPP7GEqsI5yRy8w8CqWVi,Nicki Minaj,1,18
1WTdZjiHI4vYnENXLn69x0,Nicki Minaj,1,18
1hn9nQ8TR8Le4EpHN2oCyE,Nicki Minaj,1,18
2pwC49pIHyJKmbhlGa3lqL,Nicki Minaj,1,18
79DPYZ6x8FfzgSgPoPhpC3,Nicki Minaj,1,18
6AQbmUe0Qwf5PZnt4HmTXv,Ice Spice,11,3
5JYPXqMwYc0zTODQdjMEZN,Ice Spice,11,3
0yUaLqhsVsguBpoOPL4cO7,Ice Spice,11,3
4w2Furap0ZzaiK4J14E9sR,Ice Spice,11,3
1jOgJN75btuUONIdf57vHz,Ice Spice,11,3
436qIub7mPZxBE0zrgQMuf,Ice Spice,11,3
1rrV4ymf3Tp3xuLgB4zCRN,Ice Spice,11,3
3oLlS8NTMdePBohjgPZKk1,Ice Spice,11,3
27Qz0cFmMGADsniMeUwyUe,Ice Spice,11,3
72ZWqS0MTryK6GCfATRWjl,Ice Spice,11,3
0n4nfjCluBECewuD3Z4Agq,Ice Spice,11,3
0pTSYl7m6l4VYvf3mMi1Yd,Ice Spice,11,3
7vU7SxAdwjgbqvyCKmXy3X,Ice Spice,11,3
0tnT8B415mZyOYETy2ulVv,Ice Spice,11,3
3wKdqWNzGnxapDIaoocxR1,Ice Spice,11,3
3QUbaXCfksmF19lW32BQE0,Ice Spice,11,3
7xH1se2ywtEQM3g1XuKkIq,Ice Spice,11,3
2OanF8uRWtK74rlBlz9VMI,Ice Spice,11,3
7e8ps3VqglKLsjzwMfFuxJ,Ice Spice,11,3
2doammtCiLQMD8LXIKl4OE,Ice Spice,11,3
5WODIX9TtDrmD9oAFFoxkG,Ice Spice,11,3
7eVMSaoemrk7HiuZp33A3l,Ice Spice,11,3
2b7aNhysTRNWSiNM47UeWG,Ice Spice,11,3
5yxtr4bxgYePGbACS82nrq,Ice Spice,11,3
7EpDZpPycD5sTmA1NjoW8D,Ice Spice,11,3
5kSabw3Dng3SJ0bXdFeer7,Ice Spice,11,3
6A5ee9qWoU1QUfG7pMkwhL,Ice Spice,11,3
039QTTXxpxtQxgsa6XcqRb,Ice Spice,11,3
0QdB2tkxPG1qMgAMwv6mRP,Ice Spice,11,3
4A8ts0wUeOYu7y11KAAPil,Ice Spice,11,3
614PNsaI816SVsGQm4omXJ,Ice Spice,11,3
0MMUhpeIIECt0325sUKC73,Ice Spice,11,3
46aZJc0z1HHHSFxaIRxYSP,Rihanna,1,11
5oO3drDxtziYU2H1X23ZIp,Rihanna,1,11
2ENexcMEMsYk0rVJigVD3i,Rihanna,1,11
0ByMNEPAPpOR5H69DVrTNy,Rihanna,1,11
7ySUcLPVX7KudhnmNcgY2D,Rihanna,1,11
49FYlytm3dAAraYgpoJZux,Rihanna,1,11
4pAl7FkDMNBsjykPXo91B3,Rihanna,1,11
4TsmezEQVSZNNPv5RJ65Ov,Rihanna,1,11
2VOomzT6VavJOGBeySqaMc,Rihanna,1,11
0UHB9METy4VCXNgkcGqHqS,Rihanna,1,11
0azC730Exh71aQlOt9Zj3y,Rihanna,1,11
60jzFy6Nn4M0iD1d94oteF,Rihanna,1,11
0U10zFw4GlBacOy9VDGfGL,Rihanna,1,11
78TTtXnFQPzwqlbtbwqN0y,Rihanna,1,11
72TFWvU3wUYdUuxejTTIzt,Rihanna,1,11
6DkXLzBQT7cwXmTyzAB1DJ,Rihanna,1,11
5Mk1tgVrSuoWWwPVFNS0jB,Rihanna,1,11
6O20JhBJPePEkBdrB5sqRx,Rihanna,1,11
3goSVuTt3fDYDP6kRnFwuL,Rihanna,1,11
0NTMtAO2BV4tnGvw9EgBVq,Rihanna,1,11
0GNI8K3VATWBABQFAzBAYe,Rihanna,1,11
3HQcsqRjRdruUjkbDSgmVF,Rihanna,1,11
0AH6WMe3OlAlUb5miXt2FQ,Rihanna,1,11
0C4ejWmOTMv8vuYj85mf8m,Rihanna,1,11
57mKcbEq7nMqtJ4gqJvWcp,Rihanna,1,11
1Bx0zEdVjkFlV27iKaePug,Rihanna,1,11
7BiELrM90hRxpozaIXbsLw,Rihanna,1,11
3tyPOhuVnt5zd5kGfxbCyL,Rihanna,1,11
7iu0WYLdo4yksKf3seaxzI,Rihanna,1,11
4Tn2llBm1g0UlWctmgPL8Z,Rihanna,1,11
6t90Z9XkdsHD8xMxro6KRP,Rihanna,1,11
3Yt9lRtS5V4nbJnwcgFgvC,Rihanna,1,11
5r67bGhYXZNqk2m2Wupfmu,Rihanna,1,11
6EAxaAk1eZx0aqqH4ff4rP,Rihanna,1,11
4mCf3vQf7z0Yseo0RxAi3V,Rihanna,1,11
5X3ahLXhOw16BR09GjYPUT,Rihanna,1,11
4YYHgF9dWyVSor0GtrBzdf,Rihanna,1,11
4x2rgtSFOI4hRvEvDj02KP,Rihanna,1,11
1NpDnkQO0yWxTtntrC0UNz,Rihanna,1,11
5FTCKvxzqy72ceS4Ujux4N,Rihanna,1,11
3rMsX63C0IZVnOT5LGYoTH,Rihanna,1,11
6RtzmszGXs32TRhv5zTKNM,Rihanna,1,11
7eDYNlBwRMeFOZHOZ95dZ1,Rihanna,1,11
65YsalQBmQCzIPaay72CzQ,Rihanna,1,11
6K4Co1NQyOnoFEJMkZHkln,Rihanna,1,11
3t4HeVfURZ5DuqMWz0Cmqg,Rihanna,1,11
4l0Mvzj72xxOpRrp6h8nHi,Selena Gomez,6,9
5xdVqHtFS0eLuNp4Z8Wbpa,Selena Gomez,6,9
0tBbt8CrmxbjRP0pueQkyU,Selena Gomez,6,9
4lnAN2S1fcI0SjxEbksZVr,Selena Gomez,6,9
63mdJr3NMY3wReOkNE6c6W,Selena Gomez,6,9
6LoQHIo74tOzQ8EsLEkhgF,Selena Gomez,6,9
6ZANrVuAMp2rpjhfbOuJly,Selena Gomez,6,9
7xVjKU6399E5F3b68C0Mk2,Selena Gomez,6,9
6iF4RgIjDvDqyW13PezSj3,Selena Gomez,6,9
6ef16j5RMp9FWeELDwUOpU,Selena Gomez,6,9
4pZc4zC5lAuW7MYD0v5TjH,Selena Gomez,6,9
3CJvmtWw2bJsudbAC5uCQk,Selena Gomez,6,9
2fZQIJew3nkNe99s2PKzul,Selena Gomez,6,9
6GoZgHoazlX5fBBDrQSXXr,Selena Gomez,6,9
2e0pH3UtxqoMxJsrsLCJtG,Selena Gomez,6,9
6Ps2nryJgGqtYXbsHfjmfP,Selena Gomez,6,9
2bO3U0Ez4tZPmXjIwbgqQO,Selena Gomez,6,9
2OsEJFTfzfjG4oC92cuP2c,Selena Gomez,6,9
3xQHEb5UNyVXIl6T46NptY,Selena Gomez,6,9
4TwcggftuW5QQkqtsCuFVq,Selena Gomez,6,9
1WSGTYKLEpKfNQYYW5Oymt,Selena Gomez,6,9
3ZCBSFcZSRM9Z48ew28Zrf,Selena Gomez,6,9
2fB5YRuD88drKpCXQOAk03,Selena Gomez,6,9
7KxhSJOYiqCDclXDBNlFSZ,Selena Gomez,6,9
3adXsAIxSKI2XCf85Es0p0,Selena Gomez,6,9
60bVKM28Ek3rtGnoKWVLFO,Selena Gomez,6,9
1B9RJfmXmxcKqqF91hbjoO,Selena Gomez,6,9
1d6YNDscRsa1P6Aek7f7T9,Selena Gomez,6,9
4mt7C6wYeTUWDDk7xKym9w,Selena Gomez,6,9
7HMmFQsKsljwTw8bS7lu19,Selena Gomez,6,9
0XER3HPMx223xWaAgNKp4Y,Selena Gomez,6,9
7eOkHIcaoUhngxxypM5Ajr,Selena Gomez,6,9
3RKywhObU25JLEypRY6HWx,Selena Gomez,6,9
11Ey4yJVeWEsA73KjACkVY,Selena Gomez,6,9
5UqZDGclEuq7g3sgUFad0J,Selena Gomez,6,9
0uFForNKQPvgSCnxlZIhQy,Selena Gomez,6,9
1v3lhrZEsOcazqR2QIyyRu,Selena Gomez,6,9
50kpGaPAhYJ3sGmk6vplg0,Justin Bieber,2,17
09CtPGIpYB4BrO8qb1RGsF,Justin Bieber,2,17
6epn3r7S14KUqlReYr77hA,Justin Bieber,2,17
3JsydWaf2Ev4ehaLUjj3SY,Justin Bieber,2,17
6I3mqTwhRpn34SLVafSH7G,Justin Bieber,2,17
6QFCMUUq1T2Vf5sFUXcuQ7,Justin Bieber,2,17
4B0JvthVoAAuygILe3n4Bs,Justin Bieber,2,17
5HCyWlXZPP0y6Gqq8TgA20,Justin Bieber,2,17
4HBZA5flZLE435QTztThqH,Justin Bieber,2,17
4iJyoBOLtHqaGxP12qzhQI,Justin Bieber,2,17
190jyVPHYjAqEaOGmMzdyk,Justin Bieber,2,17
2GBgiuXwY1KzJMA0gSAr9J,Justin Bieber,2,17
61uyGDPJ06MkxJtHgPmuyO,Justin Bieber,2,17
3UGIZ8qcrMTwzLbx6Kttqt,Justin Bieber,2,17
5GYbkDveRD2I8M5ZJ14hWn,Justin Bieber,2,17
4umIPjkehX1r7uhmGvXiSV,Justin Bieber,2,17
0aPZbnkMoWJaJ5CNVLCj8S,Justin Bieber,2,17
3rLIv187BhjyweFe89SgLn,Justin Bieber,2,17
6eDApnV9Jdb1nYahOlbbUh,Justin Bieber,2,17
4nTjkWK590oBDcnIxTr1mI,Justin Bieber,2,17
6CLVh9sekZ1p2G8Tfhhj8h,Justin Bieber,2,17
3T03rPwlL8NVk1yIaxeD8U,Justin Bieber,2,17
69ghzc538EQSVon2Gm3wrr,Justin Bieber,2,17
7E1dQbOk1qcx9gEPUMBKsk,Justin Bieber,2,17
1nahzW3kfMuwReTka28tH5,Justin Bieber,2,17
2WnAKZefdRHxtBEkRjFOHC,Justin Bieber,2,17
0yIywEquxORnu1dR0WYsdN,Justin Bieber,2,17
2GCKWEsbb0Xo1oodTOKVi1,Justin Bieber,2,17
2Rmuzh89p29BeTIF63Opwo,Justin Bieber,2,17
75lo8VozcCLRG9WGG674iD,Justin Bieber,2,17
5YABYtKx9qa56vBjlXDbmw,Justin Bieber,2,17
5u1n1kITHCxxp8twBcZxWy,Justin Bieber,2,17
16wAOAZ2OkqoIDN7TpChjR,Justin Bieber,2,17
31qCy5ZaophVA81wtlwLc4,Justin Bieber,2,17
364dI1bYnvamSnBJ8JcNzN,Justin Bieber,2,17
0oaY19dUwZimIgzn3ZZLZO,Justin Bieber,2,17
0pwYLVXVknPSGUQb39cePC,Justin Bieber,2,17
2Z8yfpFX0ZMavHkcIeHiO1,Justin Bieber,2,17
7vjtAU3Ns1AT4dRa0voHBJ,Justin Bieber,2,17
2o9LAypwGH4ctV0i9boo6d,Justin Bieber,2,17
6Xgq7MvZiet0hVi3KaDSgJ,Justin Bieber,2,17
4u4NyuceXP7Uzh7XFJKCr1,Justin Bieber,2,17
5L9WFUodzACitS1TiGm7Mi,Justin Bieber,2,17
2ZlCGeK30BLRNSPC832pNZ,Justin Bieber,2,17
7xapw9Oy21WpfEcib2ErSA,Justin Bieber,2,17
41L3O37CECZt3N7ziG2z7l,Justin Bieber,2,17
2IjyFRCRn8x1bEquOM3vxg,Justin Bieber,2,17
5ZLUm9eab8y3tqQ1OhQSHI,Lady Gaga,13,6
7so0lgd0zP2Sbgs2d7a1SZ,Lady Gaga,13,6
4mUR5Tv0CvJtpmnUtzeIgd,Lady Gaga,13,6
0SiywuOBRcynK0uKGWdCnn,Lady Gaga,13,6
2LHNTC9QZxsL3nWpt8iaSR,Lady Gaga,13,6
2VxeLyX666F8uXCJ0dZF8B,Lady Gaga,13,6
2rbDhOo9Fh61Bbu23T2qCk,Lady Gaga,13,6
2rvd6akG8qEtBNUvQpN7iY,Lady Gaga,13,6
5IoPnNiYAOvHHJpz13wzRL,Lady Gaga,13,6
6OC87jHRiovNPEUrgaqFSu,Lady Gaga,13,6
0ElVpg9XIswx3XWs6kUj6a,Lady Gaga,13,6
0Tqn5Th0wk55eLdga96vZM,Lady Gaga,13,6
7F25roCtYi55JouckaayPC,Lady Gaga,13,6
0T3Hw3kPj9T2E4UoaSXmfn,Lady Gaga,13,6
4pNzBbGcqXofx8mLBPTeih,Lady Gaga,13,6
5R8dQOPq8haW94K7mgERlO,Lady Gaga,13,6
3hcivoswCVR8LZkHR8MYA5,Lady Gaga,13,6
5ka2ajep9OAvU5Sgduhiex,Lady Gaga,13,6
2x7MyWybabEz6Y6wvHuwGE,Lady Gaga,13,6
0uoWOZeZZiC90RMNDQBqj4,Lady Gaga,13,6
08svDlp6TNFlfMIgjjZlYI,Lady Gaga,13,6
7xIoinMSiwIp5BWR7toO1O,Lady Gaga,13,6
7dZ1Odmx9jWIweQSatnRqo,Lady Gaga,13,6
53jnnqFSRGMDB9ADrNriCA,Lady Gaga,13,6
7Hqig8kp32q2Ire3ECQvWM,Lady Gaga,13,6
30XU4suKzCeoCK9YFzdufg,Lady Gaga,13,6
0TcJ7QWpggdSg8t0fHThHm,Lady Gaga,13,6
0oWraSo5ASJ0h1BEagTyEw,Lady Gaga,13,6
1HHeOs6zRdF8Ck58easiAY,Lady Gaga,13,6
2WgyOP8Z1D6GQYumCwH4Dk,Lady Gaga,13,6
57F80059mWaWFvWG3tBTbO,Lady Gaga,13,6
74iZuPGwyL33VlTr6jTnab,Lady Gaga,13,6
4TCL0qqKyqsMZml0G3M9IM,Lady Gaga,13,6
4A7EkKijzA4ryEoCRWJzdG,Lady Gaga,13,6
4rYLpaNFzt6pkQnrCvVHUw,Lady Gaga,13,6
6LGwEHsFbxt7BgDwGXqFgj,Lady Gaga,13,6
7yBbV2k2S2uhaQc24NF2xt,Lady Gaga,13,6
1c2hJSwcCfoPEw1su83Sw0,Lady Gaga,13,6
1UmrspTydTpzWfYqWUKXLg,Lady Gaga,13,6
6qI0MU175Dk2DeoUjlrOpy,Lady Gaga,13,6
3n3S5cH3IyaOswY2XSUGTS,Lady Gaga,13,6
6gSkYEONe1fCvrOUgmXZTy,Lady Gaga,13,6
5XKXMWPACPq51OiqzxenZo,Lady Gaga,13,6
34oB5r0lcN3fYWCs2uA1k5,Lady Gaga,13,6
2fbJ5Msx8KoDKpyufH5YsU,Lady Gaga,13,6
1sRByD63uI8ZJAOSPDczXF,Lady Gaga,13,6
02d1E4NRuh7OEQO4vCb9PD,Lady Gaga,13,6
7795WJLVKJoAyVoOtCWqXN,Sam Smith,1,17
1mXVgsBdtIVeCLJnSnmtdV,Sam Smith,1,17
5Nm9ERjJZ5oyfXZTECKmRt,Sam Smith,1,17
7t3Xdbufg7q2onVsR8RBdY,Sam Smith,1,17
3xgT3xIlFGqZjYW9QlhJWp,Sam Smith,1,17
2TeLIzFBe3hxkPR5FIQZut,Sam Smith,1,17
0NZPBYD5qbEWRs3PrGiRkT,Sam Smith,1,17
22dUzMFttcR3uU17NcOAIv,Sam Smith,1,17
74sb4Gib0cL3TQeCjYF8vh,Sam Smith,1,17
34pRqzRiFcIuyRMuuEayzY,Sam Smith,1,17
5XX9oGZfgKMXdHnEp4t2JB,Sam Smith,1,17
2T3XExryIariqO0fIfXOdw,Sam Smith,1,17
1hJIbOjWpid6LtnozHmzRS,Sam Smith,1,17
0IKPdXmMg7I53OLelBYwh9,Sam Smith,1,17
3i0FkJYlU4MFfYkjFHXXAM,Sam Smith,1,17
13CHIxzN5Z4mbjjADGplNT,Sam Smith,1,17
1dOQwrGmaSWotCvZwD9CK3,Sam Smith,1,17
7DsX5K72fewVGb47qj7Tbg,Sam Smith,1,17
3xY5aYJcdvZX9xQxNd02ku,Sam Smith,1,17
1F2K8y7e7STRGCySkEpBtT,Sam Smith,1,17
5ZX1X9Rl4zbx1Wwyn3idVD,Sam Smith,1,17
66ZD4DFAmJe3Y9jv2NXqgI,Sam Smith,1,17
16axxBqfSvis8mjhrLHWeH,Sam Smith,1,17
1I75ohulScHJpoMmE9Xbfl,Sam Smith,1,17
01uk7IzZyFNfQTDBXxx6NB,Sam Smith,1,17
1A85fOmviQuGgkF6Lww6Nd,Sam Smith,1,17
3b5LW3nS3WFQyS1e8ajGJN,Sam Smith,1,17
76DAOP9X3FuBHlVEBkr5Jl,Sam Smith,1,17
2mb6YdoavL6db22p7XKJQZ,Sam Smith,1,17
1p1SbqeipOd4ezKUpxqaz6,Sam Smith,1,17
2a4iE4k1IkIswThuJ3ROsw,Sam Smith,1,17
0XYCqYGz1t26UfKCePwCID,Sam Smith,1,17
4K1vOdIFqskQv3zoI0FdAk,Sam Smith,1,17
6xHqGMG3AZIKaYiFo5EQ26,Sam Smith,1,17
5aRlRDvXRuP81qEzKTXQvM,Sam Smith,1,17
1YXS5uFWQnwQbN9dmXgYrC,Sam Smith,1,17
2EI5lZg5rjvmlpQG45L0lU,Sam Smith,1,17
3zesxb7sOGbeSwUrzLUP0f,Sam Smith,1,17
00I5NjPGm836J2MQmYxhs9,Sam Smith,1,17
5RYtz3cpYb28SV8f1FBtGc,Sam Smith,1,17
0xun1Olh7EtEef4wIg9l3l,Sam Smith,1,17
7o44vqiznJAsLZpSZwtCkV,Sam Smith,1,17
3AFPGvRzeKeNJbIbLwcz4G,Sam Smith,1,17
7lJ3JlojP8p7fwKWyRIfmZ,Sam Smith,1,17
6KrGHvcXxhFi9O4z3NUrv9,Sam Smith,1,17
0TwBtDAWpkpM3srywFVOV5,Beyoncé,1,20
1xzi1Jcr7mEi9K2RfzLOqS,Beyoncé,1,20
7cioKB5CHVzk09SOtTyn0T,Beyoncé,1,20
7wLShogStyDeZvL0a6daN5,Beyoncé,1,20
6RX5iL93VZ5fKmyvNXvF1r,Beyoncé,1,20
6jG2YzhxptolDzLHTGLt7S,Beyoncé,1,20
02M6vucOvmRfMxTXDUwRXu,Beyoncé,1,20
5hgnY0mVcVetszbb85qeDg,Beyoncé,1,20
6Y4rniIxibegzsg8cdWAWV,Beyoncé,1,20
2HWWNoWEEEECwZhAiLg7ib,Beyoncé,1,20
6g0Orsxv6glTJCt4cHsRsQ,Beyoncé,1,20
2UDARQiksl207HcSduDpov,Beyoncé,1,20
6dF5QhnUT1pjG0mDCbEYVf,Beyoncé,1,20
7oAuqs6akGnPU3Tb00ZmyM,Beyoncé,1,20
2f4IuijXLxYOeBncS60GUD,Beyoncé,1,20
0K9tfzrxJyCQIf7oAlPwaK,Beyoncé,1,20
5pyoxDZ1PX0KxBxiRVxA4U,Beyoncé,1,20
1UP7PXne1lIYZB5G5aiRGL,Beyoncé,1,20
0CPLnPUUHh44vAzDSM5ZlR,Beyoncé,1,20
1Hohk6AufHZOrrhMXZppax,Beyoncé,1,20
1w7cgGZR86yWz1pA2puVJD,Beyoncé,1,20
40xhyfAPDoMtv494MfPevP,Beyoncé,1,20
0314PeD1sQNonfVWix3B2K,Beyoncé,1,20
7CA0mEKqEZ0WFAIlTS4uEl,Beyoncé,1,20
2RQAG0wQt35UzAPEyVJFWN,Beyoncé,1,20
2PmMh2t7jAtN6cqFooA0Xy,Beyoncé,1,20
0lnIJmgcUpEpe4AZACjayW,Beyoncé,1,20
0FZmAvivvifvtN3pZScbw1,Beyoncé,1,20
0rzNMzZsubFcXSEh7dnem7,Beyoncé,1,20
2XMAWynSTIst5KmLSv0Npf,Beyoncé,1,20
5UcUppRaEIBMIHXiUFl7LI,Beyoncé,1,20
4DByEumlGTZKSzuVEZ35eo,Beyoncé,1,20
3qim3nNFg4aSTLZDLAFXhx,Beyoncé,1,20
1MpCaOeUWhox2Fgigbe1cL,Beyoncé,1,20
7eEr7lgWYudwEKEaWCPiPI,Beyoncé,1,20
0mKGwFMHzTprtS2vpR3b6s,Beyoncé,1,20
5mUlozUYpdmXVPkj4BW8cA,Beyoncé,1,20
6tgEc2O1uFHcZDKPoo6PC8,Beyoncé,1,20
6K2Iut8nSQigP83yvbiqi8,Beyoncé,1,20
6l8mgVN9Xf1hiDIFGA6CTE,Beyoncé,1,20
7omJfT9s6V2IpQNBYyq5C8,Beyoncé,1,20
7tefUew2RUuSAqHyegMoY1,Beyoncé,1,20
0zVMzJ37VQNFUNvdxxat2E,Beyoncé,1,20
7lUA4P03AhwAw40JHkdyGr,Beyoncé,1,20
6XXxKsu3RJeN3ZvbMYrgQW,Beyoncé,1,20
0Fl4eWzVaMUOdXcOrj6F1q,Beyoncé,1,20
0hWCzWl04zT7P6vMy63XCN,Beyoncé,1,20
1Y7vNzQrybb2ICYKmbOfdt,Beyoncé,1,20
0TsCBkrq3owPs06HP5Q9Z4,Beyoncé,1,20
2ogKhhoMClkFXek7ZgxAhN,Camila Cabello,2,30
1rfofaqEpACxVEHIZBJe6W,Camila Cabello,2,30
4eWQlBRaTjPPUlzacqEeoQ,Camila Cabello,2,30
0TK2YIli7K1leLovkQiNik,Camila Cabello,2,30
0scd3nh27AYTNXo0KHRmsG,Camila Cabello,2,30
0QBzMgT7NIeoCYy3sJCof1,Camila Cabello,2,30
4VUwkH455At9kENOfzTqmF,Camila Cabello,2,30
1SJtlNRJDeYHioymcvsqev,Camila Cabello,2,30
2H2ytI7ompfNmRkI2sq8Uk,Camila Cabello,2,30
1058fW9H3fZA6QjYCdOBad,Camila Cabello,2,30
073ILU1C3APNRGF66VhtyA,Camila Cabello,2,30
3WY21ibZasLGJE1U6Apmzj,Camila Cabello,2,30
3whrwq4DtvucphBPUogRuJ,Camila Cabello,2,30
3lDSWvR0FXWGXo7mhDUs3v,Camila Cabello,2,30
5TdrCQVt3l1uEz3pFdTgXC,Camila Cabello,2,30
6VpQdig9pdpTSIFItgkJV5,Camila Cabello,2,30
7sTtHHrD0zDpmzQzH3zegz,Camila Cabello,2,30
3eB9M6owEHwk4nNrZRNUwd,Camila Cabello,2,30
3UYiU57SMiAS5LqolhHJw1,Camila Cabello,2,30
7LzouaWGFCy4tkXDOOnEyM,Camila Cabello,2,30
4sFnOjqO3s7Iphbg2MPKDd,Camila Cabello,2,30
2U0jWXrxJUzWVlLsHttAXJ,Camila Cabello,2,30
3Prg72TRbGsiJMHZ3D1nPR,Camila Cabello,2,30
6BnDiWXYwWuobJstDSMs23,Camila Cabello,2,30
7IL3UOlcJ6nmcCMwpnlfcA,Camila Cabello,2,30
5fvPYln4Ke77apnrjbbvOo,Camila Cabello,2,30
6TRt2bniIq0EIlrDlje7b8,Camila Cabello,2,30
5HwnezK198pJCEj1l2Adjy,Camila Cabello,2,30
3NgCzSW98SsqBdpYcnm4kv,Camila Cabello,2,30
1HA5rqn1k4YQnJ9XxsnApd,Camila Cabello,2,30
3zJ9BAluAfcbZ4lZn5MXnw,Camila Cabello,2,30
705dwKmZCd7ImAUyyD6Mpm,Camila Cabello,2,30
7cHje4KLujM18aBSLvaySE,Camila Cabello,2,30
3iq9nhbI8fcnNamxMft1uv,Camila Cabello,2,30
6GmDlWihFTEnOiqCqH4TCw,Camila Cabello,2,30
46D0hYb1B7qiU33VtXt21W,Camila Cabello,2,30
03NqHNdG3Ur6kciQWK6e8V,Camila Cabello,2,30
5Ay8r4qxJ1OYLS91tWysRf,Camila Cabello,2,30
3r73OmpBtQAwMgawxOmlg0,Camila Cabello,2,30
7DoNtK2gVFRwJh0hkHe5wQ,Camila Cabello,2,30
5U1dGHnSbt9VaidRSaD46M,Camila Cabello,2,30
4XLu3tTSZiPFVC9mmuR6Zp,Camila Cabello,2,30
1HpzOCZbNWzxvvXfSGtSrX,Camila Cabello,2,30
0sHc1EEeOnmgjP6QmsR7px,Camila Cabello,2,30
21vLEEtCTBS6fxw1TuPJAy,Camila Cabello,2,30
6XlSyYFTU1nodeWwwzVgTV,Camila Cabello,2,30
7JJmb5XwzOO8jgpou264Ml,Shawn Mendes,2,6
3QGsuHI8jO1Rx4JWLUh9jd,Shawn Mendes,2,6
5jsw9uXEGuKyJzs0boZ1bT,Shawn Mendes,2,6
0AS63m1wHv9n4VVRizK6Hc,Shawn Mendes,2,6
6v3KW9xbzN5yKLt9YKDYA2,Shawn Mendes,2,6
0TK2YIli7K1leLovkQiNik,Shawn Mendes,2,6
2bT1PH7Cw3J9p3t7nlXCdh,Shawn Mendes,2,6
2QZ7WLBE8h2y1Y5Fb8RYbH,Shawn Mendes,2,6
21TcDbGosp7w9YhTjOszgA,Shawn Mendes,2,6
2GyA33q5rti5IxkMQemRDH,Shawn Mendes,2,6
2KnLkZ3z7PO3kgVGHGqDpD,Shawn Mendes,2,6
0kPIcJ1Mp6m9AR9Y7UnMLR,Shawn Mendes,2,6
79esEXlqqmq0GPz0xQSZTV,Shawn Mendes,2,6
69YhwaZE5OTsijIt3Gp6P2,Shawn Mendes,2,6
0U1W2LZVUX7qTm7dDpqxh6,Shawn Mendes,2,6
52A0oY4u5ufxrHC85JGf4x,Shawn Mendes,2,6
5EYBryPOgIEPB7r5QIy6eG,Shawn Mendes,2,6
6ZuahEctZD6w75peme58hm,Shawn Mendes,2,6
1HbA4N1MiOsPthALesGFR1,Shawn Mendes,2,6
2Z8yfpFX0ZMavHkcIeHiO1,Shawn Mendes,2,6
0IqCoZ168iRc9LqfrYgpZy,Shawn Mendes,2,6
3i9UVldZOE0aD0JnyfAZZ0,Shawn Mendes,2,6
6LsAAHotRLMOHfCsSfYCsz,Shawn Mendes,2,6
4LWIp8HAFxpfg37mnxHqCS,Shawn Mendes,2,6
1h0yImRPIVAjhhHeNVlTuC,Shawn Mendes,2,6
14hJ5tc1VCFMWhVn9axRTC,Shawn Mendes,2,6
4eQznxonJdR6NEksFNHMCT,Shawn Mendes,2,6
6z3QR98RmvNAf2xwPDMVBV,Shawn Mendes,2,6
6nat4Z7iRKWVk1qngQqI0Q,Shawn Mendes,2,6
0uZnF1sn2IcNCvnyAIKNMQ,Shawn Mendes,2,6
5LZtB6nxvjIhUoElp3Zqk0,Shawn Mendes,2,6
1tp5wevVu8psITUxEuBGtk,Shawn Mendes,2,6
575NJxNUVDqwJGdzBrlLbv,Shawn Mendes,2,6
48lm2sNdS1rlteMIwLyhJF,Shawn Mendes,2,6
376Gg7Oxo5C5jUWDWpVXeI,Shawn Mendes,2,6
1ATWVZj4ukcMcQHRZ6KxvU,Shawn Mendes,2,6
0HPABADFC4UBeWP0cFUsHI,Shawn Mendes,2,6
39AfsBXaRa8JZhl46bKGGN,Shawn Mendes,2,6
1sKtD5KMZgTFHbsxjgqfZh,Shawn Mendes,2,6
48DKpTEVJ2pAjxQbWTad3q,Shawn Mendes,2,6
1T7AiFL9ruKKwlONN35Vh0,Shawn Mendes,2,6
61wNkiRpA2oLyJQYz92kZH,Shawn Mendes,2,6
51Mmmd7P1ETIqTTt2WtUrS,Shawn Mendes,2,6
3bBknFVxhFjBIFX91HcneQ,Shawn Mendes,2,6
56KDoLjFIm7Yc7fX1XgpNw,Shawn Mendes,2,6
0P85Dz3wK49uv2Nkfq8FlA,Shawn Mendes,2,6
6rKr29yPKnQNhOxXMYvE9Y,Shawn Mendes,2,6
4uzUuDjoufcBXYZ27CsLIF,Shawn Mendes,2,6
7BKLCZ1jbUBVqRi2FVlTVw,Halsey,15,10
3OzCF9i6Ey7EkkAYJztmKp,Halsey,15,10
2IO7yf562c1zLzpanal1DT,Halsey,15,10
3SKzTIl9mW0DadTys9SFo3,Halsey,15,10
3IgUCMkHS4RgHdngIlporF,Halsey,15,10
1Ao5nOuAUm42ob1UVvOkgW,Halsey,15,10
1TnUURhehaoMWKAqQtirm6,Halsey,15,10
7MhNCT34oaLIxwAsZlZd67,Halsey,15,10
16w8ZGVSjI4TlTLV8VimBY,Halsey,15,10
126oeltvIg79HHP4yAi4rq,Halsey,15,10
0rgwADAHd21s1OE7RPFwPN,Halsey,15,10
3l6LBCOL9nPsSY29TUY2VE,Halsey,15,10
6Xs7OKt6i0Ddq8B4M5Dgvr,Halsey,15,10
0OTDHJnkbM2TziqLWq1XQg,Halsey,15,10
5lfWrciYtohtIMVDVZd0Rf,Halsey,15,10
6kxaaIeowajN7w21PfMLbu,Halsey,15,10
6uW5fyyosEMBKfg2W1ye1l,Halsey,15,10
6VYAzAQGFsfEAwdorQaZuU,Halsey,15,10
7gdAgbYxtwwXsWsItU1apk,Halsey,15,10
4FqMPJlvfY5Nfo3gRKcNxl,Halsey,15,10
5dcYoYFAXh0f0qI05AoufB,Halsey,15,10
0IYzTSQj0G21K2ZDSwUZDM,Halsey,15,10
6SL8U8TtdwOtGhbmGzsMfX,Halsey,15,10
5x2XIAdvFxWCwIOMNkbWUj,Halsey,15,10
4U38hORPx8SsUAXGumsUYN,Halsey,15,10
65n4DkUhKUO4tECIabKwy1,Halsey,15,10
1mGM4dJe4v9DhBY3pRSpRj,Halsey,15,10
3WtCu35qpzGCLIGa8pczdu,Halsey,15,10
5Dg2h1wsm7ZijCo0yLmbvR,Halsey,15,10
5Oows4h53UGeAvJFyCMseY,Halsey,15,10
0vFkbd99U6cBAQPAUjvNOv,Halsey,15,10
6s8PRmROPJHlqZmu9Bbviz,Halsey,15,10
6m3uTDJZzWymLsXOzlY6TD,Halsey,15,10
3UhxppZQkfk9WniMtjpESF,Halsey,15,10
3ek4HgBlmvkTWgfT5sTSe9,Halsey,15,10
4bw3ZyWA1ui0Adu285NWDl,Halsey,15,10
2031g1Fr1ZxIFSjonvuM1S,Halsey,15,10
1r1WtSrPbAOYHE7zwq4eqK,Halsey,15,10
5XijWLBY0vwl5MPUpQA2Ha,Halsey,15,10
36dfGEKTGHxLmdNIYr0VTi,Halsey,15,10
7vn2QEYFYJb1OGuDRKKARO,Halsey,15,10
3C34G0n3pThaxTSwsWpSOT,Halsey,15,10
6zQq3TrWnilO8SR1fgvTeD,Halsey,15,10
05NG7kwEZLhA2il9MiXEWT,Halsey,15,10
5PJujqvYgwsNn31pVTtebG,Halsey,15,10
1rIKgCH4H52lrvDcz50hS8,Zara Larsson,0,12
1x5sYLZiu9r5E43kMlt9f8,Zara Larsson,0,12
1bgKMxPQU7JIZEhNsM1vFs,Zara Larsson,0,12
6hmhG1b4LEyNuashVvuIAo,Zara Larsson,0,12
0ADG9OgdVTL7fgREP75BrZ,Zara Larsson,0,12
0dxp7DyPJEo6JhtnjUtBnN,Zara Larsson,0,12
4vOoQh9MhS9pyrbvc8LyMz,Zara Larsson,0,12
4nyY8oVjbX2d4qzlpiVM5n,Zara Larsson,0,12
5WokFKscrfGEGGLPTu3jgO,Zara Larsson,0,12
4VPXFi4vFTtS9wHe6oMQaT,Zara Larsson,0,12
4Q4jmPHwu0wrJvqrld0FQ6,Zara Larsson,0,12
3O8b0dDy1Z8BNM81U8DE1j,Zara Larsson,0,12
3frUvGrmGcay91lvFbOgsN,Zara Larsson,0,12
1aAR4ew6wViXZJofgVo94M,Zara Larsson,0,12
3OTSBoYKO7HzGVj8Bu2OH9,Zara Larsson,0,12
7Hl6ugkpaxbkseHzSnqlxB,Zara Larsson,0,12
624PTd4WB9XanWV1egM2lS,Zara Larsson,0,12
1G1kKHczSz6Xqv5dCmtkL4,Zara Larsson,0,12
507tQXutCPYNFkpOq8tmKF,Zara Larsson,0,12
3bWHOxTJpHL6fyATpYFQXl,Zara Larsson,0,12
1RaVANIegur4WaZTscvVS4,Zara Larsson,0,12
5SleX0NFeODNY7Xenal3gr,Zara Larsson,0,12
54LGxQGf5LPXNGjtzDZ5IE,Zara Larsson,0,12
16gu3zjAEer6t6c8qxaltf,Zara Larsson,0,12
0oQWZIDgY33kE8kEp6fEne,Zara Larsson,0,12
42od6nOeV32g5uNwz17xq5,Zara Larsson,0,12
1z1Hg7Vb0AhHDiEmnDE79l,Zara Larsson,0,12
4uoumbAMEMaKdtiv763jKz,Zara Larsson,0,12
1ewzs8xG9P7wSZhpp8VCuy,Zara Larsson,0,12
1dKmaDRG1KvqwANvlhIyqx,Zara Larsson,0,12
1N8f3LpdR5TePmSYVSLU85,Zara Larsson,0,12
6gXTlkZQjtNo5j3Kp86H4G,Zara Larsson,0,12
5dczvSmOUEE8xFDpJqPeg0,Zara Larsson,0,12
3dxnBkhHVokELZtzNTgvjc,Zara Larsson,0,12
7oArXBmMlLCtZdUkXWQZGs,Zara Larsson,0,12
4YxCwmfbo4FcAeaK0vFJFV,Zara Larsson,0,12
65ACnVMmePTp8Xdk11jP2y,Zara Larsson,0,12
1TOiDnIY8HgPyDLSR08QXq,Zara Larsson,0,12
7pDWvRIbO3fDbLMpFjuEtP,Zara Larsson,0,12
1MGqtRnKlHNO4fuHMm2Dm9,Zara Larsson,0,12
4hmhWjYjHszUdYzeUpYCUs,Zara Larsson,0,12
75gU1E0ou9Kf8GBVwGs1Xk,Zara Larsson,0,12
0ORV2zprt8OgPKEU1GxhJk,Zara Larsson,0,12
6shSHDBeA8Hj5qnyIq7jdQ,Zara Larsson,0,12
70u72FPeBl58rThfsRnZ4K,Zara Larsson,0,12
2mdEsXPu8ZmkHRRtAdC09e,Lana Del Rey,3,6
6GGtHZgBycCgGBUhZo81xe,Lana Del Rey,3,6
5Y6nVaayzitvsD5F7nr3DV,Lana Del Rey,3,6
1NZs6n6hl8UuMaX0UC0YTz,Lana Del Rey,3,6
1o82DwNisONAd2mu1RcGE6,Lana Del Rey,3,6
7bPWdJgx8vek7S5i5yAtvG,Lana Del Rey,3,6
11MyiSGZSYSmhhqwGUTtAq,Lana Del Rey,3,6
5jqNQZBwbZWQXPWfo0ygZF,Lana Del Rey,3,6
4qG7hWhljsqqENL5PaLA2z,Lana Del Rey,3,6
1y3r6RXiJZNBV1EI0NggpS,Lana Del Rey,3,6
6eygbzyL6hY8jFQTARDuo9,Lana Del Rey,3,6
0Oqc0kKFsQ6MhFOLBNZIGX,Lana Del Rey,3,6
21qg0IBZf8R12qHd9A3AA4,Lana Del Rey,3,6
6CYldrsUPBsiPtfLW4xZCl,Lana Del Rey,3,6
6PnluwP0fjGnpIBsqTdUTq,Lana Del Rey,3,6
22DH8NChecsgPxDjA4pqer,Lana Del Rey,3,6
3lG6OtGDsYAOALxEmubQQm,Lana Del Rey,3,6
34rRFl0bz9PocxWuO2ca5J,Lana Del Rey,3,6
1Ist6PR2BZR3n2z2Y5R6S1,Lana Del Rey,3,6
3RIgHHpnFKj5Rni1shokDj,Lana Del Rey,3,6
1Ym6aMuT5bliaZMC67AmPp,Lana Del Rey,3,6
0Oqxt6JixieLHbwMfnJGWO,Lana Del Rey,3,6
6pZ9Nj3vzj1RW4ZkR9GcQ9,Lana Del Rey,3,6
7iqQz931tn59mK6IZ3knRx,Lana Del Rey,3,6
1KuVEZR4xuQVNr1KkanAV4,Lana Del Rey,3,6
4qUtC2BwFC154Ha8YQRrkk,Lana Del Rey,3,6
3WD91HQDBIavSapet3ZpjG,Lana Del Rey,3,6
63hHlajVLQnlFMAqSyePxO,Lana Del Rey,3,6
6OG05bPAwUuV3OMvy2Vy1P,Lana Del Rey,3,6
2Rlso2ZNV0PaWwUYeeBYxx,Lana Del Rey,3,6
7g3htkaLz4ETFn0cifwM3y,Lana Del Rey,3,6
45pI8224KKX9Gx5fiyvEAh,Lana Del Rey,3,6
4VSg5K1hnbmIg4PwRdY6wV,Lana Del Rey,3,6
5nW4z3pfZgJAJ2QTCz9AIE,Lana Del Rey,3,6
5wEreUfwxZxWnEol61ulIi,Lana Del Rey,3,6
4y9vLiQ9mQb6XNEtc4K6ou,Lana Del Rey,3,6
0HEzuLLojblUOaUSdmJ9gl,Lana Del Rey,3,6
6IfPyMb0Sxptpx6jBUATOS,Lana Del Rey,3,6
6BFnRhvKCclDQOajt8dBGi,Lana Del Rey,3,6
2Kerz9H9IejzeIpjhDJoYG,Lana Del Rey,3,6
7MtVPRGtZl6rPjMfLoI3Lh,Lana Del Rey,3,6
761QvVHTibYjEi2r6A4g4Q,Lana Del Rey,3,6
7qF0FfuzBFwMe1lNHkEDxW,Lana Del Rey,3,6
269xqcgGTN9PlivhUkOLhX,Lana Del Rey,3,6
3sYDVtqO35oRSOIMx7dOqR,Lana Del Rey,3,6
5tyMJlMqaggzvuX7TtlrTe,Lana Del Rey,3,6
3hwQhakFwm9soLEBnSDH17,Lana Del Rey,3,6
7oTE1KmtU2ml9zBhv9Reao,Lana Del Rey,3,6
3QhfFRPkhPCR1RMJWV1gde,Lana Del Rey,3,6
7wTqEW5nrMhvyEhEyTnOMd,Conan Gray,8,1
4xqrdfXkTW4T0RauPLv3WA,Conan Gray,8,1
5UXJzLFdBn6u9FJTCnoHrH,Conan Gray,8,1
6KfoDhO4XUWSbnyKjNp9c4,Conan Gray,8,1
0iNZGC211wst3VjtobNnC5,Conan Gray,8,1
2JN3ugW1cEahbYw0I5mw5U,Conan Gray,8,1
3TFoEJe5zNuHZStRboWPxg,Conan Gray,8,1
0kn2gu8Pd03DiYHzRvX2Xk,Conan Gray,8,1
6PDWMQJ55ZYrGrSx3EZzl4,Conan Gray,8,1
7fnrjy0Sd6Lj1IBalr424v,Conan Gray,8,1
4h2KgbKNdOSVC3IJnFOFoV,Conan Gray,8,1
056bKm6W5j9QodOftRznUV,Conan Gray,8,1
0yfDVYKVKYrHknz9gVOlQr,Conan Gray,8,1
4K3gM7kzX4POAfrs71HomN,Conan Gray,8,1
5GVPVxgdgTKJFxSxLVIw1A,Conan Gray,8,1
3rPVtXLBfJz59U1LgrGHhb,Conan Gray,8,1
2sHwSBNDZN2yjCtgwStYt1,Conan Gray,8,1
6uaBrivDHCaV0uBTiwHTUi,Conan Gray,8,1
0KmgJyW4GDgonqsoyx0CZ3,Conan Gray,8,1
3QyoC6OvQUmpQwQZ18iaTs,Conan Gray,8,1
3SWGtKHaCFEUqfm9ydUFVw,Conan Gray,8,1
2zg5ClMcmqNIBrHATdxftp,Conan Gray,8,1
7AYP21Q4qnxw2WxETEvSRb,Conan Gray,8,1
6FH6fmlh9DbvssuEQyQEVd,Conan Gray,8,1
4JeOesjcWWlprTAvucDSJX,Conan Gray,8,1
02lKKPDA4OmxnyNM7vPGzJ,Conan Gray,8,1
6bOd4UM7FaQOZXR2MBzSPi,Conan Gray,8,1
5468fNbvpCnangJjmnc5V0,Conan Gray,8,1
7jrYMBC1bS1SCwxE2bt3AP,Conan Gray,8,1
52jyBtCB2MJT7U3DDo6Brj,Conan Gray,8,1
3Z39gbqdaGL3WJXBG0gcuE,Conan Gray,8,1
1oz3gEoNWHAS3pjwThdSJb,Conan Gray,8,1
6vOcpn5zG3tAgSs5TCYR1o,Conan Gray,8,1
79e2GU4RLPjAqnijfvsXYr,Conan Gray,8,1
3SnpCALgmzVy7k07aAXbuA,Conan Gray,8,1
4U6Mq3JeRNyrNdG70cPsyJ,Conan Gray,8,1
7KJXiuMXQu723ODChoxENp,Conan Gray,8,1
6VZXTCIXbgypt0erc2U1Uk,Conan Gray,8,1
0vq7fkHZl2khMonn5G7d9l,Conan Gray,8,1
3XOHxCoPkXW0pvR6xl4f0M,Conan Gray,8,1
6qOHp1FkEkv782ggdUFEiK,Conan Gray,8,1
1jGC00ZVUuVXwNdJjV17kJ,Conan Gray,8,1
2TjBKnjnOXFaF2zy4W4hfE,Conan Gray,8,1
19qvgrwvKLFn4KjWxAs9OQ,Conan Gray,8,1
2mAy8zQhZJICLFUEVGQzbE,Conan Gray,8,1
0cXRafInOlc1QH519RXltN,Conan Gray,8,1
54GASuUdLbhhdyECNUp3Pb,Conan Gray,8,1
5BI0zQZciyoQfJxsu8CIn9,Conan Gray,8,1
3b5MPNYlX8ztJowxAwzTai,Conan Gray,8,1
5cF0dROlMOK5uNZtivgu50,Charlie Puth,6,16
06KyNuuMOX1ROXRhj787tj,Charlie Puth,6,16
54PbBpquVfhfrwRwvjSXbI,Charlie Puth,6,16
6wmAHw1szh5RCKSRjiXhPe,Charlie Puth,6,16
0ClPIeT6MSgfSgQ9ZrJbAq,Charlie Puth,6,16
5MwIGPDKeDb7SpblcaQP6O,Charlie Puth,6,16
1lsBTdE6MGsKeZCD6llNu7,Charlie Puth,6,16
2EbseeW2cr5zK3J8VuYntw,Charlie Puth,6,16
2DXavoWAmIHlrECHPM1Vca,Charlie Puth,6,16
4LfkoDOt4mhrbo8Ndk37sQ,Charlie Puth,6,16
37R0bQOQj5a7DOqh1TGzvB,Charlie Puth,6,16
2WNHUp4s806SJrsj698ZX3,Charlie Puth,6,16
3qonjOrhFCfTnaaMruHzxW,Charlie Puth,6,16
3rKYiySCDMUKTw5kGVVhaa,Charlie Puth,6,16
0wPKDeY4fZXT6k9bzV0kx0,Charlie Puth,6,16
6qNALlmZa1ESnCxJmXE1K9,Charlie Puth,6,16
28a0aMV1OKoyNiCJuNsWrY,Charlie Puth,6,16
5TTyyKNJZHONhjtAiXL1nG,Charlie Puth,6,16
0Ts1lnK3lYa2dwE2orDJc5,Charlie Puth,6,16
3AVXwaOGCEL8cmBecfcsFJ,Charlie Puth,6,16
66CFbqJScx6zRieGllITcs,Charlie Puth,6,16
5tqNWWiySiABLrGAvSWsO5,Charlie Puth,6,16
2ZrHbO88rM6Ijeg0aJmSzl,Charlie Puth,6,16
4I8s6vwzHT2geqH91w2Dyg,Charlie Puth,6,16
6o4LOloYJc8yu0CdvOvifU,Charlie Puth,6,16
6pQadiopoIsS4x78tjSkJt,Charlie Puth,6,16
1q4BCQssFe74UJmnWt5lov,Charlie Puth,6,16
7aSvPfoqiM0zwPqupLGaHd,Charlie Puth,6,16
1UNs8AlFM8c0uAkSyjIW3P,Charlie Puth,6,16
7eJECM4njsc622iY9zg4af,Charlie Puth,6,16
6TapyDFlRUlZ4cmIaqJx4k,Charlie Puth,6,16
0Ipbnpn89nxSZQDb8wbeTc,Charlie Puth,6,16
2g3afkZqrBxT9RWNSPSWa7,Charlie Puth,6,16
3707IBa4HnS3zDDoWfeUBl,Charlie Puth,6,16
0djtkuu6afzGQKcuEi2gNV,Charlie Puth,6,16
7k7JKDjCd9zuL0iF7iWaNs,Charlie Puth,6,16
6RhEbk4odKK0PwPhpok7h1,Charlie Puth,6,16
60wzbPwV6EHfBTAf95rb9n,Charlie Puth,6,16
5QLAHKawoQwVRNf1waaVW7,Charlie Puth,6,16
1QNPTNaw67BanVtwXKIX1a,Charlie Puth,6,16
17RMnDmv5CEo3s0tmipRyb,Charlie Puth,6,16
6LXIhiXK8z1KLd3giR904b,Charlie Puth,6,16
0Pb4CCKPAlvssNb5zlVGER,Charlie Puth,6,16
6IcrwGdIvRsrImOnoYfG9Z,Charlie Puth,6,16
6Euy9FOI8qtbekN57TQ861,Charlie Puth,6,16
1PuQTv1Kr1gzLgVeATSuh6,Charlie Puth,6,16
3E9es0SK2EusrHA7IaO7Zu,Charlie Puth,6,16
4oTn7ylKtjeMYwxatEVFAt,Charlie Puth,6,16
2BgEsaKNfHUdlh97KmvFyo,Anne-Marie,0,24
3BKD1PwArikchz2Zrlp1qi,Anne-Marie,0,24
7oDSG2Q9RBU0QjgtfYQOdD,Anne-Marie,0,24
01BC4Xj5tfsfV8DLDrma7q,Anne-Marie,0,24
2doTn2LWTKN1Z0lZJG2WQw,Anne-Marie,0,24
572xshmOviSGH70oPYMCZV,Anne-Marie,0,24
3fvY2U1AzW0diYF0hnBbKt,Anne-Marie,0,24
2Z5EUCXngeoYD7wmJBcJv1,Anne-Marie,0,24
3fGW43fnu3OHEw6ohTC2Bw,Anne-Marie,0,24
1eprzC29mwUQqcVj0eILdx,Anne-Marie,0,24
6NOF67FYntYIfPvQmSwicE,Anne-Marie,0,24
0MWiSBKm8Avs8iDIxcertp,Anne-Marie,0,24
4a80lLYQMh00A2JTSrfilk,Anne-Marie,0,24
11z8f8BH1WdIlFI9TNQ9mc,Anne-Marie,0,24
0H8Tclo4x4kbZruQtZFNSX,Anne-Marie,0,24
6IQCmIGaOxzjNNcwScETVD,Anne-Marie,0,24
3ynJS2jbfoxkDPVrs6wPvJ,Anne-Marie,0,24
1sacvpQLUIP71HBw1xw5Gu,Anne-Marie,0,24
427nKZkn36fkvpTB6b5LkS,Anne-Marie,0,24
0z0kUUd2jPQiI2Ob8VXajc,Anne-Marie,0,24
4bhe0XXBRo4EAPKgy4M2xz,Anne-Marie,0,24
2j7WMNAPSknc94Id7Ciuas,Anne-Marie,0,24
2kDrUAONMhG6CbDGBkhdrY,Anne-Marie,0,24
4iiOb1mdmh0PCYI4BZYUU9,Anne-Marie,0,24
3RjL8AnKslWWPmlNLTJsAU,Anne-Marie,0,24
3szFx3SyWFpRbehaPxpyqq,Anne-Marie,0,24
1s3lN9mJhWzhNIw28SQTuf,Anne-Marie,0,24
4nfyxpiejEPrUHLnejED7i,Anne-Marie,0,24
1VtuJxH7jkcOWlcGdQdMRh,Anne-Marie,0,24
13skFf8DWYHxbZx3jP3V0B,Anne-Marie,0,24
41TCIYS95e0stZl93Q5Czd,Anne-Marie,0,24
7zRObPOHA0tWMYTAxLudmA,Anne-Marie,0,24
5yv6tEdYkY3EfWXGSMSnWj,Anne-Marie,0,24
6oEAcSY98NPIgD9UumQwIg,Anne-Marie,0,24
1o8kO8YyMWRAeb9bE2AIxO,Anne-Marie,0,24
1RkgmvNX2D77vyG6Y9N3jv,Anne-Marie,0,24
7tF1qEzHJBbPovn2vHklBA,Anne-Marie,0,24
0bXIQ4vX2eqnLtUUKMS0Gh,Anne-Marie,0,24
0k79twDYBMpqqjVLuEnYkh,Anne-Marie,0,24
6xVr2J3X0zhEJQz5L0QNAP,Anne-Marie,0,24
28V8YmzG9x5mdZtwvhcRsA,Anne-Marie,0,24
5duCWzvvPXMTPfnNSleTqN,Anne-Marie,0,24
1jAma2op1mdGxvqxkBK5So,Anne-Marie,0,24
4C0fuJRGXikVLrrw6kzNI3,Anne-Marie,0,24
6jrjTqvniDSdk0jQPrdPIu,Anne-Marie,0,24
01u9H9ZBX0nFWEw1FLnulL,Anne-Marie,0,24
1wh7GUMr8lnt683bVCFG8W,Anne-Marie,0,24
4fqjHJAYQYL1qwqyN9sTTL,Anne-Marie,0,24
3F9lkDd91qdLnhkVtZxOGo,Anne-Marie,0,24
0qvzXomUDJVaUboy2wMfiS,Niall Horan,0,3
2cOUlop2ZakjOKe4WinesN,Niall Horan,0,3
5FQ77Cl1ndljtwwImdtjMy,Niall Horan,0,3
39jXnbACjiaiTwwhsr5sY5,Niall Horan,0,3
7LyBwug9tJgbaEzRCqtY78,Niall Horan,0,3
7rpNuuoMbid56XkDsx2FjE,Niall Horan,0,3
0DrFTaAX2srXPkuag35djb,Niall Horan,0,3
5RPq4WPdn53v53m72dLBBf,Niall Horan,0,3
5BpmwiKR6ns1EtfCQRpNUc,Niall Horan,0,3
4Zwt0IkpzDOW2u0YfV94TK,Niall Horan,0,3
0hIDcUm3mJEn4gNo2ocLM5,Niall Horan,0,3
2NWVdwbd2hPIzC2lyf4y63,Niall Horan,0,3
4rYNrM5Yfi7vAs0PF3WnZW,Niall Horan,0,3
3jf3c9EOFam6Q15sho0XWw,Niall Horan,0,3
65wnZsZLKJimfK1cTFOfa1,Niall Horan,0,3
2928yIGFV4enculPwmmGSe,Niall Horan,0,3
3V97CljOzjfQEf00yoSVXg,Niall Horan,0,3
0kThmY7A0ynir2qLWFFhrY,Niall Horan,0,3
2PrxwMxTSEk4oHbdY8majs,Niall Horan,0,3
5zqObw7wjBgL9TDiAymxPn,Niall Horan,0,3
1hCTxutVVYvggAQcUUUZAT,Niall Horan,0,3
3cphb8kdsjElYR7r5icK3H,Niall Horan,0,3
2sGF7DBXvL2GjkbG606m1G,Niall Horan,0,3
6aGwF9D2BqmcSzF0JpfzJu,Niall Horan,0,3
3SRZnA66K77YZbDVJrSHNB,Niall Horan,0,3
2NRpuYVJPYhxC8xyutxkoL,Niall Horan,0,3
4tTb7uAXFqI84T3ZIDBhxf,Niall Horan,0,3
5dTJMpqiELczVuHJP3OAEu,Niall Horan,0,3
3BK5t8Z6AkaeUTdFjehHqy,Niall Horan,0,3
1hJ6KojJObbRvjuVj8Ezya,Niall Horan,0,3
1e9jtpVUszajrfKAJKPvCS,Niall Horan,0,3
7B0jvve829GGdU5kFttQTY,Niall Horan,0,3
4EK3I8YpESBMEKeyc05JRS,Niall Horan,0,3
4aPiQTOqCCeSgfTgCh7SR5,Niall Horan,0,3
0gwfuYQz0TauOajxH2V2Cn,Niall Horan,0,3
3iVmzeoFR0AZrn8EYFnEsB,Niall Horan,0,3
7JyZzz4rMPMWMsb27vArSN,Niall Horan,0,3
63MU2FswcPQclQMxK17Fkb,Niall Horan,0,3
5iSkdzgBBtAAkaqULGPZUd,Niall Horan,0,3
4WZT0Mi3tD0XrYRkkDlxNN,Niall Horan,0,3
27vTihlWXiz9f9lJM3XGVU,Niall Horan,0,3
4HR0snb2H47kBNo39IxrNR,Niall Horan,0,3
6HTDbFiF3c6QFRKkB6DcR4,Niall Horan,0,3
2JL820UpxG8mLGWt1jjNRx,Niall Horan,0,3
3lMIgIO9HkPxnAZGmtTdpT,Niall Horan,0,3
5MhKHO4FYmpfDryQX9408O,Niall Horan,0,3
0z0kUUd2jPQiI2Ob8VXajc,Niall Horan,0,3
2e26qZW3Eglv02vms1uv0X,Niall Horan,0,3
48vIfHaK7by6x0T6ucpODL,Madison Beer,14,10
1Dq5By1yUrOB0zSxhCc5v8,Madison Beer,14,10
5ajjAnNRh8bxFvaVHzpPjh,Madison Beer,14,10
5sbooPcNgIE22DwO0VNGUJ,Madison Beer,14,10
4y3g40TWe7fCWCayJZuGvw,Madison Beer,14,10
6juLaduD4STCUDWT0AYun4,Madison Beer,14,10
2Dazu1HgFj1geJOfKKFOpf,Madison Beer,14,10
5UY8jf31X2hJkiAualFTyh,Madison Beer,14,10
1X4ZkhlRRohkV33cITaJYs,Madison Beer,14,10
6Z3KPGftGu9ZVvkAY8SaZa,Madison Beer,14,10
4PV0uE5pZSh44E3NqNNDEH,Madison Beer,14,10
12BAxMbHzksw2xiq05gKtT,Madison Beer,14,10
2diyn0LGRfXprGer1atyMH,Madison Beer,14,10
6XiqdnMk2LLbmybmyx30jD,Madison Beer,14,10
1thsMfc9Z8zztIx7Le3JQM,Madison Beer,14,10
0Es6dDXHGqqQWoA8tlK4LG,Madison Beer,14,10
330CwDQh6mZ9yAWnJ1svDL,Madison Beer,14,10
33CfD8UkDEcSdAP9j4QpUY,Madison Beer,14,10
3JqEamRw9aUvTKIhPXne9J,Madison Beer,14,10
1GVF9369j7InydwGztCDIZ,Madison Beer,14,10
7LjEQ8GsQiUNVakV6TZI0e,Madison Beer,14,10
2HgvorjycrfcCHEhVCCErk,Madison Beer,14,10
3SHLX5ePGvPKcWKM05Thga,Madison Beer,14,10
1oTDLswJ3yehL9bhMH7nbJ,Madison Beer,14,10
2Txj791OlOaNSMpps0gz5K,Madison Beer,14,10
0ozo6xfFvHOxn1o2dA2UPk,Madison Beer,14,10
0ErlDM57zcNICYiNapySLC,Madison Beer,14,10
5tDNqecLXubwdizMx5IImN,Madison Beer,14,10
2k8qzTJTHY1m3osbMtayIy,Madison Beer,14,10
2rBFMlKf43Ddo82b2WWYNN,Madison Beer,14,10
5kxV0Tv6pbddmqqKJvlNtS,Madison Beer,14,10
7culXP38P58h83PXwLQqyg,Madison Beer,14,10
70wrRjno33tp0gaYLqdyjC,Madison Beer,14,10
2zg4iqc1u4MIWzM567B8om,Madison Beer,14,10
4a1RWaG4BTkifgMSx3rpf3,Madison Beer,14,10
2h8BoFJxiCmGqsGmIQKkB0,Madison Beer,14,10
3T7qQEncNHkrBGFbKe2XeG,Madison Beer,14,10
56PI2B44h5mId3OAMrsM1r,Madison Beer,14,10
2AxPkyjV7C1gJi0ep3j9wV,Madison Beer,14,10
6mstsFlnLZidRE8K3JGtV7,Madison Beer,14,10
3rf9vbMO0vuhtB3CDHTjsO,Madison Beer,14,10
3YmgsYX80v0EtBZekgcB6w,Madison Beer,14,10
6sRmaXQZo0EK2woVn2COxM,Madison Beer,14,10
5QlMftmj7rFwhHoClCQLTP,Madison Beer,14,10
27TOMo26A8fEPKTIBf9SNR,Madison Beer,14,10
4wz7R8N7gYgjhZuoMQkSve,Madison Beer,14,10
5AEJyckUMzLqIyBxZNmGFW,Madison Beer,14,10
5Kq2GzvM6XE8zN4RAKKLSf,Madison Beer,14,10
3bg2qahpZmsg5wV2EMPXIk,Ava Max,0,14
7DnAm9FOTWE3cUvso43HhI,Ava Max,0,14
7a53HqqArd4b9NF4XAmlbI,Ava Max,0,14
0LMwmV37RCmBO2so0szAFs,Ava Max,0,14
18asYwWugKjjsihZ0YvRxO,Ava Max,0,14
1KixkQVDUHggZMU9dUobgm,Ava Max,0,14
2Xnv3GntqbBH1juvUYSpHG,Ava Max,0,14
00E0Z2jrF7reoHps4zcbWQ,Ava Max,0,14
0bMbDctzMmTyK2j74j3nF3,Ava Max,0,14
4j5vH33ipS1ulVxbwtYkpm,Ava Max,0,14
5iyZwawawLjHYpX4MxUKVF,Ava Max,0,14
6WDG2ybdV3SBXV0lwBGu4D,Ava Max,0,14
1svpo8ORIHy4BdgicdyUjx,Ava Max,0,14
1Pmp486RrLRkaEkE3HFHXP,Ava Max,0,14
3wFM8TWbbkwPuB6TyqpVDv,Ava Max,0,14
0TxOB9JSgYXjPVR6uWAyfM,Ava Max,0,14
6SpVp6ttad3XJOsjKBZwaq,Ava Max,0,14
0mV43B6pJWRjcM5TmzNe6d,Ava Max,0,14
2wqxcctWptasX4VnP2sRvV,Ava Max,0,14
5FNS5Vj69AhRGJWjhrAd01,Ava Max,0,14
4QXww31EdLcenZiRqnTZeg,Ava Max,0,14
6mslYkzyL8uDfacJezJnof,Ava Max,0,14
1ItdTDx23yt7tIJOZv5iLQ,Ava Max,0,14
11OPriDpmUrTMTji52ta17,Ava Max,0,14
471HeGJPKw07MObixON0Um,Ava Max,0,14
1QLZKzC2pjP4ySf4ALrNhm,Ava Max,0,14
7LbhIjYNfCguxjAw43Mkff,Ava Max,0,14
0AxhXARnISmbH5UqbqvtDP,Ava Max,0,14
5nnMouu2fOO6aKONyue343,Ava Max,0,14
6NNpXXkpPDZKxdavZbVhwJ,Ava Max,0,14
1pFuoLQ9iRbPv7a0LQvhEJ,Ava Max,0,14
4fVxlf4IxJNJl8OmPsQ2C1,Ava Max,0,14
0UW7mAWldtWsfVrlFWYYWh,Ava Max,0,14
7x74XLYJqptDCmY4y3FaVh,Ava Max,0,14
22iyqD0gyzWHy6oAvPVAWk,Ava Max,0,14
4qP9K48aEcG50hSgmIQVi3,Ava Max,0,14
3p866VcBbuggDPXJLuc9hr,Ava Max,0,14
4gPUnZW8IT1mmF9aj9NLF7,Ava Max,0,14
1iatZzgryaJh79PNFq2bi8,Ava Max,0,14
1knrvScmRb6ZCPPsBzDHcy,Ava Max,0,14
7GqKsFVvsP3SVNQmrmGZSG,Ava Max,0,14
6O11gHhPCFNEFkEZYf3ilw,Ava Max,0,14
1oD31XHWUmzpciJIA2p9Bi,Ava Max,0,14
2Gz6CxFe1GGiRRb8zFJHRv,Ava Max,0,14
752n2yiIZZdxNAMTXmrObn,Ava Max,0,14
3tcv4j4DQYDBaNoHTLYKV8,Ava Max,0,14
4wH7ZoqgETaACS9BlUkvuY,Lauren Spencer Smith,19,2
2eykhwXDu6k3DqvY0LBInw,Lauren Spencer Smith,19,2
5wqUqv9p6EAmtIvmG2nAVV,Lauren Spencer Smith,19,2
7ggnnK9KC8ZKhahPdnY0c3,Lauren Spencer Smith,19,2
2Kqw2ECnErSCU9bxPSVgGx,Lauren Spencer Smith,19,2
6Z165JvPnS8PYvGW8oLGLc,Lauren Spencer Smith,19,2
7vfCm8tEWV9lCpyY1nvJVB,Lauren Spencer Smith,19,2
7MGKgVoEHH6hvkJIW5PcpE,Lauren Spencer Smith,19,2
4mWSZ39aJGfEMMLTw3DnBg,Lauren Spencer Smith,19,2
2Obwg8XE4sWXLpJSDlxn1r,Lauren Spencer Smith,19,2
0zmhbBZjEEMxZLac83gLRQ,Lauren Spencer Smith,19,2
3yMC1KsTwh0ceXdIe4QQAQ,Lauren Spencer Smith,19,2
79tOFjU8iFZn0pvsAfQ1DZ,Lauren Spencer Smith,19,2
7xjKDXj2wSG0mDb0HVmMHV,Lauren Spencer Smith,19,2
3gMqdmE56zR4DyW1K0eClV,Lauren Spencer Smith,19,2
23oYG6HAbahMQEtjk0M7GK,Lauren Spencer Smith,19,2
6q8L2GUvO1XBeaZBrVLQir,Lauren Spencer Smith,19,2
63jCeAYGLcRL21xm0jKlgn,Lauren Spencer Smith,19,2
3ebLBZtRjuIjNwFmJhDOTv,Lauren Spencer Smith,19,2
5pSNtVlNS9mWZRrCeV5oLI,Lauren Spencer Smith,19,2
3z9K9FHfBA6fgbYXakWGtu,Lauren Spencer Smith,19,2
2jvyZompuCZO8l32eDWCsj,Lauren Spencer Smith,19,2
6SP8ZuGGemr9yTHkC6M2al,Lauren Spencer Smith,19,2
3xRDYuwQsQtLDMHd447Qwb,Lauren Spencer Smith,19,2
3D7dZTtG4qwTKYhEC21ErG,Lauren Spencer Smith,19,2
55A9rHLS1q9Ntd7nrlhDZM,Lauren Spencer Smith,19,2
5fnIgq6KNKe39NBnPhFsIp,Lauren Spencer Smith,19,2
5rKMN0bKdqcGWo1iLvv30Y,Lauren Spencer Smith,19,2
5fT5VGOaMKOurY1ckmIXLo,Lauren Spencer Smith,19,2
03lqfxo9vgc79ESCsGwjZ0,Lauren Spencer Smith,19,2
0FUjkjbvteQ9NEzpZGIAUl,Lauren Spencer Smith,19,2
7Ke9BRKiZbvpWooUXgYPRC,Lauren Spencer Smith,19,2
6Q7Kv5rHmElI5aP5qGKkUo,Lauren Spencer Smith,19,2
3hTSUqyG6ntAYXjgYOjS16,Lauren Spencer Smith,19,2
7bbVReJQF5fSlsqAEU0uzV,Lauren Spencer Smith,19,2
1NavsPkKGuzW13iBtweeZs,Lauren Spencer Smith,19,2
550gTdhOQiH6MFw6VTIltk,Lauren Spencer Smith,19,2
4PyWXkXaZsgerhdo9utJPV,Lauren Spencer Smith,19,2
5E1A7q6QL34ex6B3MQa91s,Lauren Spencer Smith,19,2
1DzpiRxLJWf6WdUdo4vJnp,Lauren Spencer Smith,19,2
3XotXdjOe9ShR9LQNiHQgx,Lauren Spencer Smith,19,2
7L3EuehQH8rPfq3q25ZJam,Lauren Spencer Smith,19,2
6DSFjznmkAeLyHpbefll9t,Lauren Spencer Smith,19,2
7bNg3NY6b6YsfCE9N4ymwm,Lauren Spencer Smith,19,2
1qMMKY5TUIhCE5EF5zajaP,Lauren Spencer Smith,19,2
4JwpquybKrmydYvnkcKp8X,Lauren Spencer Smith,19,2
5Ln3XxOTYJ49U2Ku9oP9lP,Lauren Spencer Smith,19,2
2s6Jh6GmDhAOsSMII07fVs,PinkPantheress,11,11
2rrq3SGYxk90xLx5fMmPhZ,PinkPantheress,11,11
6AQbmUe0Qwf5PZnt4HmTXv,PinkPantheress,11,11
4fPjI40ElIwJQ4DJJxSCOe,PinkPantheress,11,11
5CCr8msaN3MhgqBoa9yWhH,PinkPantheress,11,11
26AmP3ukYC4Zs9lSGlh55I,PinkPantheress,11,11
3NanY0K4okhIQzL33U5Ad8,PinkPantheress,11,11
1Vrj9Vcbb0lOG94pQbYvzv,PinkPantheress,11,11
0QezBrYzFFT0f68zK6EvZI,PinkPantheress,11,11
0DwVfCYLrVXgvejYbWwZAd,PinkPantheress,11,11
3DrkYwyu8QqZQ05r2gGqHi,PinkPantheress,11,11
0z3YYobsavHguLTgqg5GC1,PinkPantheress,11,11
1YhNljrEyPYaYNgBNsWap5,PinkPantheress,11,11
3lLH0FlC2pYCeZEf05zKQn,PinkPantheress,11,11
1jLVSavLHTeEixX6CIxqQR,PinkPantheress,11,11
6SjxVgMjH3b3AI4wVviZfi,PinkPantheress,11,11
1ljtQrsf55VCwjqXjro7Po,PinkPantheress,11,11
3ZpqeV6u8cheGopIXQlHfH,PinkPantheress,11,11
3ozo6hdOQAJKY1KZExV6UJ,PinkPantheress,11,11
08g7wxW8iELmpxO0ppcwnI,PinkPantheress,11,11
78wZn0wdzhj3imUleYWd5M,PinkPantheress,11,11
67r7ZHxVxONN9ZQk05AQVL,PinkPantheress,11,11
5aX9ocVkS6HqK5orEbsOoe,PinkPantheress,11,11
0LsfA3w3zQh2fcN4XeHmSK,PinkPantheress,11,11
2bBh5UwbVLkA3WB44iXBye,PinkPantheress,11,11
4icnlpI5IbZcRO9mpixVVW,PinkPantheress,11,11
52qxHBgcQGVV2JrMwPhYJl,PinkPantheress,11,11
5rs8M4TwPZEOMXxw3XAo0n,PinkPantheress,11,11
5w9YU63asHqNFyWq3nCsSl,PinkPantheress,11,11
6OTKVgVpVaVjhRLYizPJKA,PinkPantheress,11,11
6htWGNhskc5f0Xke88Vn5z,PinkPantheress,11,11
0REGWAoURfSLQe5hQhlsKK,PinkPantheress,11,11
3tPH2C0umk9pjLBMmz0D9M,PinkPantheress,11,11
5hjhaH0vwtpftiLtF3veZp,PinkPantheress,11,11
6ZJqCviTotiIujl1rfcL53,PinkPantheress,11,11
5XmI1062gtk39XjFMRye0K,PinkPantheress,11,11
6MNSwUUjWSDUhuCZaTezAn,PinkPantheress,11,11
0TsZC9LJAvmopdV7Lp4zVZ,PinkPantheress,11,11
4bqDgEc3V9o0gle8mvgCgN,PinkPantheress,11,11
0LzidBf7cUsnZnG34OUPSF,PinkPantheress,11,11
3QUbaXCfksmF19lW32BQE0,PinkPantheress,11,11
6GUQrOnuCPTmWgCGRStO4R,PinkPantheress,11,11
4Ovbv1o91fNP8tYLJmboX1,PinkPantheress,11,11
0jcXC7CdTexy7FIe2W7QX9,PinkPantheress,11,11
4uUG5RXrOk84mYEfFvj3cK,Bebe Rexha,0,27
4e4fqjx0Izh4svvTef1z7e,Bebe Rexha,0,27
04ZTP5KsCypmtCmQg5tH9R,Bebe Rexha,0,27
3YfGTvsTAWGC2lgoDOikUz,Bebe Rexha,0,27
0sftzYE0YgPHXrvJyUyGjB,Bebe Rexha,0,27
2jB9QaPJyVdz2Q0Va8rrnU,Bebe Rexha,0,27
7IOxauZfx5l18mYfX0GZm6,Bebe Rexha,0,27
4W7bfpXBXrH79dnWyJMkEX,Bebe Rexha,0,27
08APpCYHGsbJ2N9jhRgLQY,Bebe Rexha,0,27
5r0cOO77xkM5jjHk67Z2Lt,Bebe Rexha,0,27
6RHdHHlOAHwFaYS9LUwpYU,Bebe Rexha,0,27
14FmT2vkYihAs64ixAbk6t,Bebe Rexha,0,27
21KShmFSfzVOaYAJmMLbHG,Bebe Rexha,0,27
0HLhptvI8NozbOHRLNniFz,Bebe Rexha,0,27
1CZVSkJAmXYKnWrQOcfnLi,Bebe Rexha,0,27
12aCF5xMof5sLunrEy8SA7,Bebe Rexha,0,27
2MV9MRVSXNTIS3ny31cx9c,Bebe Rexha,0,27
7gLKUPLGMzPhw90Ara5ZEc,Bebe Rexha,0,27
1xGmP8HasLB2Vcp0iBHeXP,Bebe Rexha,0,27
0nuszfz2u3hjdCDaNhc4m2,Bebe Rexha,0,27
3hfPmifit8Rtc0zj9WYQlU,Bebe Rexha,0,27
5fKTWlpV4hT7ujXV45WbtN,Bebe Rexha,0,27
7rS4oy2qpJNULQAVgJQTun,Bebe Rexha,0,27
5iSv4l68RXz3I32hIVl8oV,Bebe Rexha,0,27
0DK6lGJisrNaLkiK6cjDaw,Bebe Rexha,0,27
1LLmT2hZ415NaAz1cmZCBM,Bebe Rexha,0,27
1ump437qGe1gqRkMHg266F,Bebe Rexha,0,27
2Vz1Kcs9Chj8SGb2UjPMxP,Bebe Rexha,0,27
2dMUJy0El3BcQUy9gP9gt0,Bebe Rexha,0,27
4NPJY8yFbu6YpgsgsKiEu1,Bebe Rexha,0,27
2qrbWN43itLlX3eSdKzXVL,Bebe Rexha,0,27
6NAeCHRuzqURCsUpYTQbjK,Bebe Rexha,0,27
6jm6543STio3hL0bHV2xZ8,Bebe Rexha,0,27
0xtu9tJlzxiPfHF82g6Xrp,Bebe Rexha,0,27
6hu3pDOnjlqRkwo75mxsFM,Bebe Rexha,0,27
0XbAySkD2xUPUudQ1a0kGc,Bebe Rexha,0,27
72zJrb5M7iv65yms7x6J7b,Bebe Rexha,0,27
1nil655gJpCzrbqiqC0NLX,Bebe Rexha,0,27
0L5dwOLG1xpw9oD5FcyQak,Bebe Rexha,0,27
1B3o1yfiEDSQ0G5L9TDbhp,Bebe Rexha,0,27
4jQxIH11pyibkpzS1xjlkw,Bebe Rexha,0,27
4KsCS8KYebw8i8CcQ4piRx,Bebe Rexha,0,27
6xRwb6TnpsRIDWPbwktEmD,Bebe Rexha,0,27
1Ic76JMsAbHdDscO9ooJm9,Bebe Rexha,0,27
271KNPrEo7heAZzXrPHOmE,Bebe Rexha,0,27
2HKWYj37hvdZ9xQNPW3GrD,Bebe Rexha,0,27
4Of27nwjXcl2Pgo5VhnLQ5,Bebe Rexha,0,27
4O6jCUU0Un55TZ9FfZWSJh,Bebe Rexha,0,27
2GxkC3PeOaUd1FBVHkAyOU,Bebe Rexha,0,27
5lF0pHbsJ0QqyIrLweHJPW,Ellie Goulding,16,9
16qhKHGz2mDlFrxvNLYeHW,Ellie Goulding,16,9
5Hp4xFihdOE2dmDzxWcBFb,Ellie Goulding,16,9
3X003bO0MMxXEsJJxidiig,Ellie Goulding,16,9
5a7NdkF09AfD0H607eiOkX,Ellie Goulding,16,9
4TZ2Ub8bZh4LTs06eANDXa,Ellie Goulding,16,9
2XcEaVhx9EDMcEB33D92o8,Ellie Goulding,16,9
2GgxS8bUT5G25QJTsfSv0R,Ellie Goulding,16,9
1VAVEYZlzBp7d8UlWJvaDD,Ellie Goulding,16,9
6Wytqpe4mfmyeT8s1xbczG,Ellie Goulding,16,9
6bKetqXF3g4UgaXQlAYdgz,Ellie Goulding,16,9
14OF4JQOIm4hb0GfG5nfyF,Ellie Goulding,16,9
27nVh4d0Mo5p5DqZ7kAjhT,Ellie Goulding,16,9
1M48JXhxlYFnE5Lk7Y2gWq,Ellie Goulding,16,9
3nwd2gUT7l10HDUAOKXrhs,Ellie Goulding,16,9
0PaemlGLiH2O6nAxRCzmee,Ellie Goulding,16,9
2DgmVBl7fNmZhuplDqo6hu,Ellie Goulding,16,9
1PzKBUHhyD035EQM9GNMfV,Ellie Goulding,16,9
0BJq75IdLPWnFWG0TLwoN2,Ellie Goulding,16,9
6XKS2RPVpBGvF7Qn7FffFx,Ellie Goulding,16,9
3zG8GtVDcRLUPNDeIvzY7i,Ellie Goulding,16,9
6xKUJ0HwdyEIeiuwM3sfQ1,Ellie Goulding,16,9
5aNjxmDikP3zGMHfO9dop5,Ellie Goulding,16,9
30dATYAcL8Gdbiahg4n8ir,Ellie Goulding,16,9
0cs3wJc2hHHGHw13ZTYf5j,Ellie Goulding,16,9
0tYtfBFJLVn2ITE66FbaLT,Ellie Goulding,16,9
41dA1g5HMbWO89XFj0Y6aR,Ellie Goulding,16,9
5vNCK8yq3luCijCdmqr7S4,Ellie Goulding,16,9
3Mpz9tU5tLEkYKDMUOi067,Ellie Goulding,16,9
0ptMGgI9vwlo95F6Vv6T2o,Ellie Goulding,16,9
0f8GDk3hYFkHkpecyUByZ7,Ellie Goulding,16,9
5Q2exnZkTvsIFzLiwEWtiO,Ellie Goulding,16,9
2UKDJROOiWCq67eoXIxlWb,Ellie Goulding,16,9
7sBXn81KPG6oUnlYobdUU3,Ellie Goulding,16,9
5nv6sAxXXp6DTPZ7y1wdL9,Ellie Goulding,16,9
4MagTPnkPiDuIa4P8GtW1b,Lauv,8,14
6mXdCcFnPKQznj4CmMRmHC,Lauv,8,14
2WdAV1VqmllcEznKlVOFxG,Lauv,8,14
1jXfVzMk8cSbvAXMML4Y4f,Lauv,8,14
7LpMG3AEaIJgs62HQhAa91,Lauv,8,14
1MaQMMOR80DNUWVBM7L9fz,Lauv,8,14
3rmqiQbzPDx7A8p88IRFKg,Lauv,8,14
0pSqYDTjY1Xt86usTQslAx,Lauv,8,14
6r3duEAfFTH83DuoywkG20,Lauv,8,14
7I5WT7DtpwSAhEeDLpZEfm,Lauv,8,14
2RNsweBBb1a6tAHXQtt2xH,Lauv,8,14
2WH4oy1SYppZrcdgKwSA0j,Lauv,8,14
5V5c0lAnvM2aqCDHWZFx0K,Lauv,8,14
3F7bhRhNpY4YKrwa4kGeUz,Lauv,8,14
3pTHZHX0MRE7xYeiTEWlaM,Lauv,8,14
1U85jCmEwSIlJdrMpNsDCU,Lauv,8,14
2IzUjVfO3UrAY73UjHHsGi,Lauv,8,14
6I6lwAR8HMDQwltRcRJOtg,Lauv,8,14
1oz3gEoNWHAS3pjwThdSJb,Lauv,8,14
21AziTMaZwcLflGMAj85o5,Lauv,8,14
0agBbN89WzrD9B2vPwQdNr,Lauv,8,14
0W6cB9dPUnsL5iKOpxuSAK,Lauv,8,14
1QmZBRns8OY4RjfkNiH2YT,Lauv,8,14
18ioFJkxW5B0hOXE0l2ddw,Lauv,8,14
77MrX98hyOXLSs3dIfmOYk,Lauv,8,14
0IPY0ENbqkDhHKxPK2s357,Lauv,8,14
6mipiX3H43Lz4vIJTG6cdO,Lauv,8,14
5mRFZlOAptPpimncCeBxoJ,Lauv,8,14
5EfNBzwOjAfF9qgsWr9XGP,Lauv,8,14
7D7oIpsm4trbxthAU7JMtB,Lauv,8,14
45UAiFGe5KssWUbi5s1AOY,Lauv,8,14
0leLID5Y6OqL4wkuT0JqlB,Lauv,8,14
6YQT5luUxB6JwQdd8e7jbf,Lauv,8,14
3aUD2nXnCYiGd9V1UhfyRz,Lauv,8,14
5aYEQLm02WlSlaOv5g6sZo,Lauv,8,14
6T7WudDzdcjkOpSeUmshzn,Lauv,8,14
0ie2asHHJ88g3wwH2hSziW,Lauv,8,14
63PiZyWQgrKKQxKdouicyw,Lauv,8,14
00Apys6jYrWA0Bse9Yon6O,Lauv,8,14
5zMv6hOpodogQ6kFS49Jux,Lauv,8,14
3X8L4DUPjLUE1cr8omydPT,Lauv,8,14
0r4l1Eco6JEbeexC8dEawI,Lauv,8,14
5ach9WprwlglJbtSasbqqB,Lauv,8,14
3pOSvuKA8pmBG7Ar9Y5OnK,Lauv,8,14
2HJu1bxkubHZEXC8r6snXY,Becky Hill,7,21
3VFaV7Mw0di4XFE84eHnrC,Becky Hill,7,21
2dWNKXTs5z7Iu1g0kYh4Xe,Becky Hill,7,21
602d2gJewoiF1FivuOMMwE,Becky Hill,7,21
4SBuL5T5CGhl3k9w7PLf8a,Becky Hill,7,21
3LcXzMeyG4jy8ERxtzHGgP,Becky Hill,7,21
3MLsgTj4GNyq6Nost2T5ya,Becky Hill,7,21
0d8qNWRwQafcOXAyw6FxiB,Becky Hill,7,21
2VpKBfkqAZr1iAwwg8AGDO,Becky Hill,7,21
3WB9r0SqS5ThjK49bDexXe,Becky Hill,7,21
1XCgS4fvY7GScfKXOHztJU,Becky Hill,7,21
0S9laeO22k8rgM1PqZtgAA,Becky Hill,7,21
5vOWdyk23iqRryEmbNCrCp,Becky Hill,7,21
7hWzCs92yu0fq5DCdNVlM5,Becky Hill,7,21
1VjvxoeHjF0DJhsmvLte8a,Becky Hill,7,21
5Bnm9QxfBKxc1sNvZanTBT,Becky Hill,7,21
7pO5CuNmPjoG2c27YWliB5,Becky Hill,7,21
54EL4HvZbEhG6pvrAGXGNQ,Becky Hill,7,21
3kHVz4Vq7ab4RN7WrcJLdp,Becky Hill,7,21
2aAksX61WFBUxWayOhEDJn,Becky Hill,7,21
72SLU59ZmI3zsWUkkiOi6Q,Becky Hill,7,21
5efJlOrNPfGoMg2Nb4uHVv,Becky Hill,7,21
0djt8pab0Si1xC7B2ddfF4,Becky Hill,7,21
6HHONxXw6BXNg2YSELJn1R,Becky Hill,7,21
20JIutZuci335Ooc0XuKiT,Becky Hill,7,21
0rX4zPMMpg8IhCKElJp8lp,Becky Hill,7,21
3eSULPJG8T7palEk21TpbC,Becky Hill,7,21
0pW0KB9TpDEQL2p3Ck20OQ,Becky Hill,7,21
0cJ19SMVX83SJnNfIjmX8c,Becky Hill,7,21
6WJaPzHfbfomchPuCNSjli,Becky Hill,7,21
5JqdCWMl6ZoMwVT6RW7n1x,Becky Hill,7,21
7ikgs7pToRtmUz8JaHIGDj,Becky Hill,7,21
3m9uxUtp0P8dF3U0Uny0uY,Becky Hill,7,21
5RgB1e7a1KHrXrfT3UuPCc,Becky Hill,7,21
2hJLCa0Yiyo86s6y1RhQVi,Becky Hill,7,21
4jKKALMDd6IQFf17nA8qy0,Becky Hill,7,21
16Xz7BRyFVAzXn9x0UtZJo,Becky Hill,7,21
1SySDyIJAX3XsI4UVc5hOZ,Becky Hill,7,21
7z7NUTBS73esdMiCtZ9pur,Becky Hill,7,21
4S6rRqfYzIJ4nL2bV8ktS9,Becky Hill,7,21
6Byurxf37f12kZEmvRw0Fc,Becky Hill,7,21
5PX1rLP6NDyNSdhLoHVE24,Becky Hill,7,21
2HYvYa9b8lASSBxgupn7H2,Becky Hill,7,21
3AKMkG0wCiRElPNzUfe2nn,Becky Hill,7,21
18AJRdgUoO9EYn11N7xzaT,Tove Lo,12,16
7cgu4JBW3hq1GwTM1ilkKQ,Tove Lo,12,16
5JCi3pyggvk4B0yd0BK3ow,Tove Lo,12,16
3Du9k9oZz7DJCMZviju2lD,Tove Lo,12,16
0GTPmh5G40joBg93vcSQNq,Tove Lo,12,16
4ga4WvRNhMsIL38pkBbnIN,Tove Lo,12,16
3tJ4y2Zqx6gM9xOAuFfsSF,Tove Lo,12,16
51DXwluqCo7bx4QAFuGoEm,Tove Lo,12,16
1TIiWomS4i0Ikaf9EKdcLn,Tove Lo,12,16
1VYlIU9IpVa4MHUqzKHyOb,Tove Lo,12,16
1Bsj770Tk7TNGMuvNCYWZp,Tove Lo,12,16
3CtAgFwiMPdKaX7caXldRV,Tove Lo,12,16
5qTSLCyc4KtL4H7aCL1RbY,Tove Lo,12,16
3bgaDjKLaicRMFD3Vmw3wv,Tove Lo,12,16
7owdogCJWuV3VFpluGIKgH,Tove Lo,12,16
2qoIbcyKPpe3BKifpAfh53,Tove Lo,12,16
6s7PleW93OfE3YnujL9yxw,Tove Lo,12,16
164QjgWOxnSZYHQghRKeC0,Tove Lo,12,16
6flhrkPIIqB0zU8j2T2yyc,Tove Lo,12,16
7bVOL6TlquQt5EAa639YtK,Tove Lo,12,16
0zFComc9VzjCKWm4PSbIJk,Tove Lo,12,16
4gZUsulDxBJUHRcyFKYKYf,Tove Lo,12,16
3G8v8bUaefnLn5BRWSSb1i,Tove Lo,12,16
34AmlZ6ytTuL6If0VKwzLU,Tove Lo,12,16
3PUIguYpwKFXmfGD6uU7Jl,Tove Lo,12,16
5i3pIDBLDc1tSCyVxxo151,Tove Lo,12,16
2FtyrwcRqA2JQEezLjPZ8r,Tove Lo,12,16
23XYCxsksYpy3Cno9xnG4g,Tove Lo,12,16
6IFwG4pnVPcpwX4kXFUbsV,Tove Lo,12,16
1AZoLkRwhHY5xSL9lGYrlc,Tove Lo,12,16
1kVPn4Wg6ZIIRSKmdyXMry,Tove Lo,12,16
1OTF5PuQF9CHvGgxXrOMwM,Tove Lo,12,16
28XsFrUuLEcq9BnGlOHTyJ,Tove Lo,12,16
44jX2MFYW9vDayWo94q6TA,Tove Lo,12,16
4Cgedth1L3nBdVLU5Z42m1,Tove Lo,12,16
6y4FCr8X7TKOLmmb6pk6PA,Tove Lo,12,16
73kadnv7SduzhApfRUv5C0,Tove Lo,12,16
3O6l5P4tTtHl3jN1vtrNlo,Tove Lo,12,16
3zK3kzz1U8KEa8v9Kj8hu8,Tove Lo,12,16
6n2geOyYHOGZtpITVmrWoo,Tove Lo,12,16
3GI2JX4D1UCPRZlq7DAfTx,Tove Lo,12,16
6AZl84TvY6zvp1wqoyTVvV,Tove Lo,12,16
3DSIQ2SCR25VwYqkpImpmb,Tove Lo,12,16
7H6TvLL3dyoY2XtrUKp3wK,Tove Lo,12,16
45CiDBvF0HNtAHXQFfnSzD,Tove Lo,12,16
1xaI8BC30DDf9RDQSWyonb,Tove Lo,12,16
4Nnx7d1MHiNi367p0BJsUv,Tove Lo,12,16
